-- MySQL dump 10.13  Distrib 5.7.12, for Win64 (x86_64)
--
-- Host: localhost    Database: tlv8
-- ------------------------------------------------------
-- Server version	5.7.12-log

/*!40101 SET @OLD_CHARACTER_SET_CLIENT=@@CHARACTER_SET_CLIENT */;
/*!40101 SET @OLD_CHARACTER_SET_RESULTS=@@CHARACTER_SET_RESULTS */;
/*!40101 SET @OLD_COLLATION_CONNECTION=@@COLLATION_CONNECTION */;
/*!40101 SET NAMES utf8 */;
/*!40103 SET @OLD_TIME_ZONE=@@TIME_ZONE */;
/*!40103 SET TIME_ZONE='+00:00' */;
/*!40014 SET @OLD_UNIQUE_CHECKS=@@UNIQUE_CHECKS, UNIQUE_CHECKS=0 */;
/*!40014 SET @OLD_FOREIGN_KEY_CHECKS=@@FOREIGN_KEY_CHECKS, FOREIGN_KEY_CHECKS=0 */;
/*!40101 SET @OLD_SQL_MODE=@@SQL_MODE, SQL_MODE='NO_AUTO_VALUE_ON_ZERO' */;
/*!40111 SET @OLD_SQL_NOTES=@@SQL_NOTES, SQL_NOTES=0 */;

--
-- Table structure for table `oa_leave`
--

DROP TABLE IF EXISTS `oa_leave`;
/*!40101 SET @saved_cs_client     = @@character_set_client */;
/*!40101 SET character_set_client = utf8 */;
CREATE TABLE `oa_leave` (
  `fid` varchar(32) COLLATE utf8mb4_unicode_ci NOT NULL,
  `fcreatorname` varchar(255) COLLATE utf8mb4_unicode_ci DEFAULT NULL,
  `fcreatorid` varchar(32) COLLATE utf8mb4_unicode_ci DEFAULT NULL,
  `fcreatorfid` varchar(1024) COLLATE utf8mb4_unicode_ci DEFAULT NULL,
  `fcreatorfname` varchar(1024) COLLATE utf8mb4_unicode_ci DEFAULT NULL,
  `fcreatedate` datetime DEFAULT NULL,
  `fstartdate` datetime DEFAULT NULL,
  `fenddate` datetime DEFAULT NULL,
  `fday` int(11) DEFAULT NULL,
  `fleavetype` varchar(255) COLLATE utf8mb4_unicode_ci DEFAULT NULL,
  `fstate` varchar(50) COLLATE utf8mb4_unicode_ci DEFAULT NULL,
  `freason` varchar(512) COLLATE utf8mb4_unicode_ci DEFAULT NULL,
  `version` int(11) NOT NULL,
  PRIMARY KEY (`fid`)
) ENGINE=InnoDB DEFAULT CHARSET=utf8mb4 COLLATE=utf8mb4_unicode_ci;
/*!40101 SET character_set_client = @saved_cs_client */;

--
-- Dumping data for table `oa_leave`
--

LOCK TABLES `oa_leave` WRITE;
/*!40000 ALTER TABLE `oa_leave` DISABLE KEYS */;
INSERT INTO `oa_leave` VALUES ('0F243D91B06446DF93ED0041A068A0B3','system','PSN01','/ORG01.ogn/PSN01@ORG01.psm','/管理员/system','2022-06-09 10:16:43','2022-06-09 10:16:46','2022-06-09 10:16:47',1,'事假','','',0),('40DA9136A31EF77121AE326205FE6B00','system','PSN01','/ORG01.ogn/PSN01@ORG01.psm','/管理员/system','2022-06-09 18:14:52','2022-06-10 18:14:55','2022-06-11 18:14:58',2,'事假','','22',0);
/*!40000 ALTER TABLE `oa_leave` ENABLE KEYS */;
UNLOCK TABLES;

--
-- Table structure for table `sa_flowdrawlg`
--

DROP TABLE IF EXISTS `sa_flowdrawlg`;
/*!40101 SET @saved_cs_client     = @@character_set_client */;
/*!40101 SET character_set_client = utf8 */;
CREATE TABLE `sa_flowdrawlg` (
  `sid` varchar(32) COLLATE utf8mb4_unicode_ci NOT NULL,
  `sfolderid` varchar(32) COLLATE utf8mb4_unicode_ci DEFAULT NULL,
  `sprocessid` varchar(100) COLLATE utf8mb4_unicode_ci NOT NULL,
  `sprocessname` varchar(100) COLLATE utf8mb4_unicode_ci DEFAULT NULL,
  `sdrawlg` text COLLATE utf8mb4_unicode_ci,
  `sprocessacty` text COLLATE utf8mb4_unicode_ci,
  `screatorid` varchar(100) COLLATE utf8mb4_unicode_ci DEFAULT NULL,
  `screatorname` varchar(100) COLLATE utf8mb4_unicode_ci DEFAULT NULL,
  `supdatorid` varchar(100) COLLATE utf8mb4_unicode_ci DEFAULT NULL,
  `supdatorname` varchar(100) COLLATE utf8mb4_unicode_ci DEFAULT NULL,
  `screatetime` datetime DEFAULT NULL,
  `supdatetime` datetime DEFAULT NULL,
  `fenabled` int(11) DEFAULT NULL,
  `version` int(11) NOT NULL,
  PRIMARY KEY (`sid`),
  UNIQUE KEY `sprocessid` (`sprocessid`),
  KEY `ix_sa_flowdrawlg_sfolderid` (`sfolderid`)
) ENGINE=InnoDB DEFAULT CHARSET=utf8mb4 COLLATE=utf8mb4_unicode_ci;
/*!40101 SET character_set_client = @saved_cs_client */;

--
-- Dumping data for table `sa_flowdrawlg`
--

LOCK TABLES `sa_flowdrawlg` WRITE;
/*!40000 ALTER TABLE `sa_flowdrawlg` DISABLE KEYS */;
INSERT INTO `sa_flowdrawlg` VALUES ('9C4F2C759AAD3B7DA2CD2A2D3BC1873B','root','/oa/leave/Process','请假流程','<v:line title=\"New Line\" style=\"position: absolute; z-index: 1; cursor: pointer; display: none;\"><v:stroke></v:stroke></v:line><div id=\"bizActivity\" title=\"New bizActivity\" style=\"border: 1px solid blue; position: absolute; left: 300px; top: 80px; width: 100px; height: 40px; cursor: default; z-index: 100; display: none;\"><v:stroke></v:stroke></div><div id=\"Activity1\" title=\"开始\" style=\"position: absolute; left: 300px; top: 80px; width: 40px; height: 40px; cursor: pointer; z-index: 1;\"><svg id=\"SvgjsSvg1000\" xmlns=\"http://www.w3.org/2000/svg\" version=\"1.1\" width=\"100%\" height=\"100%\" xmlns:xlink=\"http://www.w3.org/1999/xlink\"><ellipse id=\"SvgjsEllipse1006\" rx=\"20\" ry=\"20\" cx=\"20\" cy=\"20\" stroke=\"#33cc00\" stroke-width=\"1\" fill=\"#33cc00\"></ellipse><defs id=\"SvgjsDefs1001\"></defs></svg><v:shadow></v:shadow><div style=\"position: inherit; left: 2px; top: 12px; z-index: 1; width: 100%; height: 100%; text-align: center; color: blue; font-size: 9pt;\">开始</div></div><div id=\"bizActivity2\" title=\"请假申请\" style=\"border: 1px solid green; position: absolute; left: 270px; top: 140px; width: 100px; height: 40px; z-index: 99999; background: rgb(255, 255, 255); box-shadow: green 5px 5px 5px;\"><div id=\"bizActivity2_Label\" style=\"width: 100%; height: 100%; margin-top: 6px; text-align: center; color: green; font-size: 10pt; line-height: 25px;\">请假申请</div></div><div id=\"bizActivity4\" title=\"部门审批\" style=\"border: 1px solid blue; position: absolute; left: 270px; top: 200px; width: 100px; height: 40px; cursor: default; z-index: 1; background: rgb(255, 255, 255); box-shadow: rgb(179, 179, 179) 5px 5px 5px;\"><div id=\"bizActivity4_Label\" style=\"width: 100%; height: 100%; margin-top: 6px; text-align: center; color: rgb(0, 0, 0); font-size: 10pt; line-height: 25px;\">部门审批</div></div><div id=\"bizActivity6\" title=\"领导审批\" style=\"border: 1px solid blue; position: absolute; left: 270px; top: 260px; width: 100px; height: 40px; cursor: default; z-index: 1; background: rgb(255, 255, 255); box-shadow: rgb(179, 179, 179) 5px 5px 5px;\"><div id=\"bizActivity6_Label\" style=\"width: 100%; height: 100%; margin-top: 6px; text-align: center; color: rgb(0, 0, 0); font-size: 10pt; line-height: 25px;\">领导审批</div></div><div id=\"bizActivity8\" title=\"返回申请人\" style=\"border: 1px solid blue; position: absolute; left: 270px; top: 320px; width: 100px; height: 40px; cursor: default; z-index: 1; background: rgb(255, 255, 255); box-shadow: rgb(179, 179, 179) 5px 5px 5px;\"><div id=\"bizActivity8_Label\" style=\"width: 100%; height: 100%; margin-top: 6px; text-align: center; color: rgb(0, 0, 0); font-size: 10pt; line-height: 25px;\">返回申请人</div></div><div id=\"Activity10\" title=\"结束\" style=\"position: absolute; left: 300px; top: 380px; width: 40px; height: 40px; cursor: pointer; z-index: 1;\"><svg id=\"SvgjsSvg1007\" xmlns=\"http://www.w3.org/2000/svg\" version=\"1.1\" width=\"100%\" height=\"100%\" xmlns:xlink=\"http://www.w3.org/1999/xlink\"><ellipse id=\"SvgjsEllipse1009\" rx=\"20\" ry=\"20\" cx=\"20\" cy=\"20\" stroke=\"red\" stroke-width=\"1\" fill=\"red\"></ellipse><defs id=\"SvgjsDefs1008\"></defs></svg><v:shadow></v:shadow><div style=\"position: inherit; left: 2px; top: 12px; z-index: 1; width: 100%; height: 100%; text-align: center; color: blue; font-size: 9pt;\">结束</div></div><div id=\"line_3\" style=\"width: 100%; height: 100%; margin-top: 30px; position: absolute; left: 0px; top: 0px; z-index: 1; cursor: pointer;\"><svg id=\"SvgjsSvg1010\" xmlns=\"http://www.w3.org/2000/svg\" version=\"1.1\" width=\"100%\" height=\"100%\" xmlns:xlink=\"http://www.w3.org/1999/xlink\"><polyline id=\"SvgjsPolyline1012\" points=\"320,90 320,102\" stroke=\"blue\" stroke-width=\"1\" fill=\"none\" marker-end=\"url(#idArrow)\"></polyline><defs id=\"SvgjsDefs1011\"></defs></svg></div><div id=\"line_5\" style=\"width: 100%; height: 100%; margin-top: 30px; position: absolute; left: 0px; top: 0px; z-index: 1; cursor: pointer;\"><svg id=\"SvgjsSvg1013\" xmlns=\"http://www.w3.org/2000/svg\" version=\"1.1\" width=\"100%\" height=\"100%\" xmlns:xlink=\"http://www.w3.org/1999/xlink\"><polyline id=\"SvgjsPolyline1015\" points=\"320,150 320,162\" stroke=\"blue\" stroke-width=\"1\" fill=\"none\" marker-end=\"url(#idArrow)\"></polyline><defs id=\"SvgjsDefs1014\"></defs></svg></div><div id=\"line_7\" style=\"width: 100%; height: 100%; margin-top: 30px; position: absolute; left: 0px; top: 0px; z-index: 1; cursor: pointer;\"><svg id=\"SvgjsSvg1016\" xmlns=\"http://www.w3.org/2000/svg\" version=\"1.1\" width=\"100%\" height=\"100%\" xmlns:xlink=\"http://www.w3.org/1999/xlink\"><polyline id=\"SvgjsPolyline1018\" points=\"320,210 320,222\" stroke=\"blue\" stroke-width=\"1\" fill=\"none\" marker-end=\"url(#idArrow)\"></polyline><defs id=\"SvgjsDefs1017\"></defs></svg></div><div id=\"line_9\" style=\"width: 100%; height: 100%; margin-top: 30px; position: absolute; left: 0px; top: 0px; z-index: 1; cursor: pointer;\"><svg id=\"SvgjsSvg1019\" xmlns=\"http://www.w3.org/2000/svg\" version=\"1.1\" width=\"100%\" height=\"100%\" xmlns:xlink=\"http://www.w3.org/1999/xlink\"><polyline id=\"SvgjsPolyline1021\" points=\"320,270 320,282\" stroke=\"blue\" stroke-width=\"1\" fill=\"none\" marker-end=\"url(#idArrow)\"></polyline><defs id=\"SvgjsDefs1020\"></defs></svg></div><div id=\"line_11\" style=\"width: 100%; height: 100%; margin-top: 30px; position: absolute; left: 0px; top: 0px; z-index: 1; cursor: pointer;\"><svg id=\"SvgjsSvg1022\" xmlns=\"http://www.w3.org/2000/svg\" version=\"1.1\" width=\"100%\" height=\"100%\" xmlns:xlink=\"http://www.w3.org/1999/xlink\"><polyline id=\"SvgjsPolyline1024\" points=\"320,330 320,342\" stroke=\"blue\" stroke-width=\"1\" fill=\"none\" marker-end=\"url(#idArrow)\"></polyline><defs id=\"SvgjsDefs1023\"></defs></svg></div><div id=\"/oa/leave/Process\" style=\"width: 100%; height: 100%; margin-top: 30px;\"><svg id=\"SvgjsSvg1025\" xmlns=\"http://www.w3.org/2000/svg\" version=\"1.1\" width=\"100%\" height=\"100%\" xmlns:xlink=\"http://www.w3.org/1999/xlink\"><defs id=\"SvgjsDefs1026\"></defs></svg><svg id=\"SvgjsSvg1027\" xmlns=\"http://www.w3.org/2000/svg\" version=\"1.1\" width=\"100%\" height=\"100%\" xmlns:xlink=\"http://www.w3.org/1999/xlink\"><defs id=\"SvgjsDefs1028\"></defs></svg><svg id=\"SvgjsSvg1029\" xmlns=\"http://www.w3.org/2000/svg\" version=\"1.1\" width=\"100%\" height=\"100%\" xmlns:xlink=\"http://www.w3.org/1999/xlink\"><defs id=\"SvgjsDefs1030\"></defs></svg><svg id=\"SvgjsSvg1031\" xmlns=\"http://www.w3.org/2000/svg\" version=\"1.1\" width=\"100%\" height=\"100%\" xmlns:xlink=\"http://www.w3.org/1999/xlink\"><defs id=\"SvgjsDefs1032\"></defs></svg><svg id=\"SvgjsSvg1033\" xmlns=\"http://www.w3.org/2000/svg\" version=\"1.1\" width=\"100%\" height=\"100%\" xmlns:xlink=\"http://www.w3.org/1999/xlink\"><defs id=\"SvgjsDefs1034\"></defs></svg></div><div id=\"/oa/leave/Process\" style=\"width: 100%; height: 100%; margin-top: 30px;\"></div><div id=\"/oa/leave/Process\" style=\"width: 100%; height: 100%; margin-top: 30px;\"></div><div id=\"/oa/leave/Process\" style=\"width: 100%; height: 100%; margin-top: 30px;\"></div><div id=\"/oa/leave/Process\" style=\"width: 100%; height: 100%; margin-top: 30px;\"></div>','{\"id\":\"\\/oa\\/leave\\/Process\",\"name\":\"请假流程\",\"count\":11,\"nodes\":[{\"id\":\"Activity1\",\"name\":\"开始\",\"type\":\"start\",\"shape\":\"oval\",\"number\":1,\"left\":300,\"top\":80,\"width\":40,\"height\":40,\"property\":null},{\"id\":\"mainActivity\",\"name\":\"请假申请\",\"type\":\"node\",\"shape\":\"rect\",\"number\":2,\"left\":270,\"top\":140,\"width\":100,\"height\":40,\"property\":[{\"id\":\"n_p_id\",\"text\":\"input\",\"value\":\"mainActivity\"},{\"id\":\"n_p_name\",\"text\":\"input\",\"value\":\"请假申请\"},{\"id\":\"n_p_exepage\",\"text\":\"input\",\"value\":\"\\/oa\\/leave\\/mainActivity\"},{\"id\":\"n_p_label\",\"text\":\"input\",\"value\":\"\"},{\"id\":\"n_p_desc\",\"text\":\"textarea\",\"value\":\"\"},{\"id\":\"n_p_group\",\"text\":\"input\",\"value\":\"\"},{\"id\":\"n_p_roleID\",\"text\":\"input\",\"value\":\"\"},{\"id\":\"n_p_role\",\"text\":\"input\",\"value\":\"\"},{\"id\":\"n_r_grab\",\"text\":\"select\",\"value\":\"\"},{\"id\":\"n_r_grabway\",\"text\":\"select\",\"value\":\"\"},{\"id\":\"n_t_queryt\",\"text\":\"select\",\"value\":\"\"},{\"id\":\"n_p_back\",\"text\":\"input\",\"value\":\"\"},{\"id\":\"n_p_note\",\"text\":\"input\",\"value\":\"\"},{\"id\":\"n_r_transe\",\"text\":\"input\",\"value\":\"\"},{\"id\":\"n_p_in\",\"text\":\"input\",\"value\":\"\"},{\"id\":\"n_p_time\",\"text\":\"input\",\"value\":\"\"},{\"id\":\"n_p_timetype\",\"text\":\"input\",\"value\":\"\"},{\"id\":\"n_p_call1\",\"text\":\"input\",\"value\":\"\"},{\"id\":\"n_p_call2\",\"text\":\"input\",\"value\":\"\"},{\"id\":\"n_p_call3\",\"text\":\"input\",\"value\":\"\"},{\"id\":\"n_p_call4\",\"text\":\"input\",\"value\":\"\"},{\"id\":\"n_p_call5\",\"text\":\"input\",\"value\":\"\"}]},{\"id\":\"bizActivity4\",\"name\":\"部门审批\",\"type\":\"node\",\"shape\":\"rect\",\"number\":4,\"left\":270,\"top\":200,\"width\":100,\"height\":40,\"property\":[{\"id\":\"n_p_id\",\"text\":\"input\",\"value\":\"bizActivity4\"},{\"id\":\"n_p_name\",\"text\":\"input\",\"value\":\"部门审批\"},{\"id\":\"n_p_exepage\",\"text\":\"input\",\"value\":\"\\/oa\\/leave\\/bizActivity4\"},{\"id\":\"n_p_label\",\"text\":\"input\",\"value\":\"\"},{\"id\":\"n_p_desc\",\"text\":\"textarea\",\"value\":\"\"},{\"id\":\"n_p_group\",\"text\":\"input\",\"value\":\"\"},{\"id\":\"n_p_roleID\",\"text\":\"input\",\"value\":\"\"},{\"id\":\"n_p_role\",\"text\":\"input\",\"value\":\"\"},{\"id\":\"n_r_grab\",\"text\":\"select\",\"value\":\"\"},{\"id\":\"n_r_grabway\",\"text\":\"select\",\"value\":\"\"},{\"id\":\"n_t_queryt\",\"text\":\"select\",\"value\":\"\"},{\"id\":\"n_p_back\",\"text\":\"input\",\"value\":\"\"},{\"id\":\"n_p_note\",\"text\":\"input\",\"value\":\"\"},{\"id\":\"n_r_transe\",\"text\":\"input\",\"value\":\"\"},{\"id\":\"n_p_in\",\"text\":\"input\",\"value\":\"\"},{\"id\":\"n_p_time\",\"text\":\"input\",\"value\":\"\"},{\"id\":\"n_p_timetype\",\"text\":\"input\",\"value\":\"\"},{\"id\":\"n_p_call1\",\"text\":\"input\",\"value\":\"\"},{\"id\":\"n_p_call2\",\"text\":\"input\",\"value\":\"\"},{\"id\":\"n_p_call3\",\"text\":\"input\",\"value\":\"\"},{\"id\":\"n_p_call4\",\"text\":\"input\",\"value\":\"\"},{\"id\":\"n_p_call5\",\"text\":\"input\",\"value\":\"\"}]},{\"id\":\"bizActivity6\",\"name\":\"领导审批\",\"type\":\"node\",\"shape\":\"rect\",\"number\":6,\"left\":270,\"top\":260,\"width\":100,\"height\":40,\"property\":[{\"id\":\"n_p_id\",\"text\":\"input\",\"value\":\"bizActivity6\"},{\"id\":\"n_p_name\",\"text\":\"input\",\"value\":\"领导审批\"},{\"id\":\"n_p_exepage\",\"text\":\"input\",\"value\":\"\\/oa\\/leave\\/bizActivity6\"},{\"id\":\"n_p_label\",\"text\":\"input\",\"value\":\"\"},{\"id\":\"n_p_desc\",\"text\":\"textarea\",\"value\":\"\"},{\"id\":\"n_p_group\",\"text\":\"input\",\"value\":\"\"},{\"id\":\"n_p_roleID\",\"text\":\"input\",\"value\":\"\"},{\"id\":\"n_p_role\",\"text\":\"input\",\"value\":\"\"},{\"id\":\"n_r_grab\",\"text\":\"select\",\"value\":\"\"},{\"id\":\"n_r_grabway\",\"text\":\"select\",\"value\":\"\"},{\"id\":\"n_t_queryt\",\"text\":\"select\",\"value\":\"\"},{\"id\":\"n_p_back\",\"text\":\"input\",\"value\":\"\"},{\"id\":\"n_p_note\",\"text\":\"input\",\"value\":\"\"},{\"id\":\"n_r_transe\",\"text\":\"input\",\"value\":\"\"},{\"id\":\"n_p_in\",\"text\":\"input\",\"value\":\"\"},{\"id\":\"n_p_time\",\"text\":\"input\",\"value\":\"\"},{\"id\":\"n_p_timetype\",\"text\":\"input\",\"value\":\"\"},{\"id\":\"n_p_call1\",\"text\":\"input\",\"value\":\"\"},{\"id\":\"n_p_call2\",\"text\":\"input\",\"value\":\"\"},{\"id\":\"n_p_call3\",\"text\":\"input\",\"value\":\"\"},{\"id\":\"n_p_call4\",\"text\":\"input\",\"value\":\"\"},{\"id\":\"n_p_call5\",\"text\":\"input\",\"value\":\"\"}]},{\"id\":\"bizActivity8\",\"name\":\"返回申请人\",\"type\":\"node\",\"shape\":\"rect\",\"number\":8,\"left\":270,\"top\":320,\"width\":100,\"height\":40,\"property\":[{\"id\":\"n_p_id\",\"text\":\"input\",\"value\":\"bizActivity8\"},{\"id\":\"n_p_name\",\"text\":\"input\",\"value\":\"返回申请人\"},{\"id\":\"n_p_exepage\",\"text\":\"input\",\"value\":\"\\/oa\\/leave\\/bizActivity8\"},{\"id\":\"n_p_label\",\"text\":\"input\",\"value\":\"\"},{\"id\":\"n_p_desc\",\"text\":\"textarea\",\"value\":\"\"},{\"id\":\"n_p_group\",\"text\":\"input\",\"value\":\"\"},{\"id\":\"n_p_roleID\",\"text\":\"input\",\"value\":\"\"},{\"id\":\"n_p_role\",\"text\":\"input\",\"value\":\"\"},{\"id\":\"n_r_grab\",\"text\":\"select\",\"value\":\"\"},{\"id\":\"n_r_grabway\",\"text\":\"select\",\"value\":\"\"},{\"id\":\"n_t_queryt\",\"text\":\"select\",\"value\":\"\"},{\"id\":\"n_p_back\",\"text\":\"input\",\"value\":\"\"},{\"id\":\"n_p_note\",\"text\":\"input\",\"value\":\"\"},{\"id\":\"n_r_transe\",\"text\":\"input\",\"value\":\"\"},{\"id\":\"n_p_in\",\"text\":\"input\",\"value\":\"\"},{\"id\":\"n_p_time\",\"text\":\"input\",\"value\":\"\"},{\"id\":\"n_p_timetype\",\"text\":\"input\",\"value\":\"\"},{\"id\":\"n_p_call1\",\"text\":\"input\",\"value\":\"\"},{\"id\":\"n_p_call2\",\"text\":\"input\",\"value\":\"\"},{\"id\":\"n_p_call3\",\"text\":\"input\",\"value\":\"\"},{\"id\":\"n_p_call4\",\"text\":\"input\",\"value\":\"\"},{\"id\":\"n_p_call5\",\"text\":\"input\",\"value\":\"\"}]},{\"id\":\"Activity10\",\"name\":\"结束\",\"type\":\"end\",\"shape\":\"oval\",\"number\":10,\"left\":300,\"top\":380,\"width\":40,\"height\":40,\"property\":null}],\"lines\":[{\"id\":\"line_3\",\"name\":\"line_3\",\"type\":\"line\",\"shape\":\"line\",\"number\":3,\"from\":\"Activity1\",\"to\":\"mainActivity\",\"fromx\":320,\"fromy\":120,\"tox\":320,\"toy\":140,\"spwidth\":0,\"spheight\":0,\"polydot\":[],\"property\":null},{\"id\":\"line_5\",\"name\":\"line_5\",\"type\":\"line\",\"shape\":\"line\",\"number\":5,\"from\":\"mainActivity\",\"to\":\"bizActivity4\",\"fromx\":320,\"fromy\":180,\"tox\":320,\"toy\":200,\"spwidth\":0,\"spheight\":0,\"polydot\":[],\"property\":null},{\"id\":\"line_7\",\"name\":\"line_7\",\"type\":\"line\",\"shape\":\"line\",\"number\":7,\"from\":\"bizActivity4\",\"to\":\"bizActivity6\",\"fromx\":320,\"fromy\":240,\"tox\":320,\"toy\":260,\"spwidth\":0,\"spheight\":0,\"polydot\":[],\"property\":null},{\"id\":\"line_9\",\"name\":\"line_9\",\"type\":\"line\",\"shape\":\"line\",\"number\":9,\"from\":\"bizActivity6\",\"to\":\"bizActivity8\",\"fromx\":320,\"fromy\":300,\"tox\":320,\"toy\":320,\"spwidth\":0,\"spheight\":0,\"polydot\":[],\"property\":null},{\"id\":\"line_11\",\"name\":\"line_11\",\"type\":\"line\",\"shape\":\"line\",\"number\":11,\"from\":\"bizActivity8\",\"to\":\"Activity10\",\"fromx\":320,\"fromy\":360,\"tox\":320,\"toy\":380,\"spwidth\":0,\"spheight\":0,\"polydot\":[],\"property\":null}]}',NULL,'system',NULL,NULL,'2022-05-30 14:27:53',NULL,1,0);
/*!40000 ALTER TABLE `sa_flowdrawlg` ENABLE KEYS */;
UNLOCK TABLES;

--
-- Table structure for table `sa_flowfolder`
--

DROP TABLE IF EXISTS `sa_flowfolder`;
/*!40101 SET @saved_cs_client     = @@character_set_client */;
/*!40101 SET character_set_client = utf8 */;
CREATE TABLE `sa_flowfolder` (
  `sid` varchar(32) COLLATE utf8mb4_unicode_ci NOT NULL,
  `scode` varchar(100) COLLATE utf8mb4_unicode_ci DEFAULT NULL,
  `sname` varchar(100) COLLATE utf8mb4_unicode_ci DEFAULT NULL,
  `sparent` varchar(32) COLLATE utf8mb4_unicode_ci DEFAULT NULL,
  `sidpath` varchar(2048) COLLATE utf8mb4_unicode_ci DEFAULT NULL,
  `version` int(11) NOT NULL,
  PRIMARY KEY (`sid`),
  KEY `ix_sa_flowfolder_sparent` (`sparent`)
) ENGINE=InnoDB DEFAULT CHARSET=utf8mb4 COLLATE=utf8mb4_unicode_ci;
/*!40101 SET character_set_client = @saved_cs_client */;

--
-- Dumping data for table `sa_flowfolder`
--

LOCK TABLES `sa_flowfolder` WRITE;
/*!40000 ALTER TABLE `sa_flowfolder` DISABLE KEYS */;
/*!40000 ALTER TABLE `sa_flowfolder` ENABLE KEYS */;
UNLOCK TABLES;

--
-- Table structure for table `sa_log`
--

DROP TABLE IF EXISTS `sa_log`;
/*!40101 SET @saved_cs_client     = @@character_set_client */;
/*!40101 SET character_set_client = utf8 */;
CREATE TABLE `sa_log` (
  `sid` varchar(32) COLLATE utf8mb4_unicode_ci NOT NULL,
  `sdescription` text COLLATE utf8mb4_unicode_ci,
  `sprocessname` varchar(2048) COLLATE utf8mb4_unicode_ci DEFAULT NULL,
  `sactivityname` varchar(1024) COLLATE utf8mb4_unicode_ci DEFAULT NULL,
  `screatorpersonname` varchar(255) COLLATE utf8mb4_unicode_ci DEFAULT NULL,
  `screatorpersonid` varchar(36) COLLATE utf8mb4_unicode_ci DEFAULT NULL,
  `screatorfid` varchar(2048) COLLATE utf8mb4_unicode_ci DEFAULT NULL,
  `screatorfname` varchar(2048) COLLATE utf8mb4_unicode_ci DEFAULT NULL,
  `sactionname` varchar(2048) COLLATE utf8mb4_unicode_ci DEFAULT NULL,
  `stypename` varchar(100) COLLATE utf8mb4_unicode_ci DEFAULT NULL,
  `sip` varchar(64) COLLATE utf8mb4_unicode_ci DEFAULT NULL,
  `screatetime` datetime DEFAULT NULL,
  `version` int(11) NOT NULL,
  PRIMARY KEY (`sid`) USING BTREE
) ENGINE=InnoDB DEFAULT CHARSET=utf8mb4 COLLATE=utf8mb4_unicode_ci ROW_FORMAT=DYNAMIC;
/*!40101 SET character_set_client = @saved_cs_client */;

--
-- Dumping data for table `sa_log`
--

LOCK TABLES `sa_log` WRITE;
/*!40000 ALTER TABLE `sa_log` DISABLE KEYS */;
INSERT INTO `sa_log` VALUES ('001C4815F331DC464E8AD4940D25CF09','','/系统管理/流程管理/流程设计','流程设计','system','PSN01','/ORG01','/管理员','查看','前端提交','127.0.0.1','2022-06-02 10:12:53',0),('004CF0009F50EB35073DAF3E6243DF52',NULL,'','TLv8平台','system','PSN01','/ORG01','/管理员','查看','前端提交','127.0.0.1','2022-06-09 16:39:39',0),('0118CBA9EB299211380C8108737B3ED2','','','查看流程图、波特图','system','PSN01','/ORG01','/管理员','查看','前端提交','127.0.0.1','2022-06-02 14:48:13',0),('02A7941781F2C4E651393BCA14577A63',NULL,'/系统管理/流程管理/流程监控','流程监控','system','PSN01','/ORG01','/管理员','查看','前端提交','127.0.0.1','2022-06-09 14:46:45',0),('02FA45066D4DBE6CA679A22645174F2A',NULL,'','查看流程图、波特图','system','PSN01','/ORG01','/管理员','查看','前端提交','127.0.0.1','2022-06-09 15:02:02',0),('037F639A3880ACD17D993C9F2FB4F471',NULL,'','TLv8平台','system','PSN01','/ORG01','/管理员','查看','前端提交','127.0.0.1','2022-06-09 17:13:50',0),('03B67B36C1AFD74827EC857022C278B5','','/OA系统/人事管理/请假申请','TLv8平台-流程页面','system','PSN01','/ORG01','/管理员','查看','前端提交','127.0.0.1','2022-06-02 13:45:02',0),('056BC380C93A18814FDEA21AD8D0A133',NULL,'','TLv8平台','system','PSN01','/ORG01','/管理员','查看','前端提交','127.0.0.1','2022-06-09 17:49:13',0),('05C0BAE4AD3AD2433A8C3AE1E7ED1A64',NULL,'/系统管理/流程管理/流程监控','流程监控','system','PSN01','/ORG01','/管理员','查看','前端提交','127.0.0.1','2022-06-09 17:13:53',0),('063497168094C2023D762B75E6D0A9C4','','/OA系统/人事管理/请假申请','TLv8平台-流程页面','system','PSN01','/ORG01','/管理员','查看','前端提交','127.0.0.1','2022-06-02 13:07:26',0),('06406A3C5C2D5FE62C0B4778670867D9',NULL,'','TLv8平台','system','PSN01','/ORG01','/管理员','处理任务','前端提交','127.0.0.1','2022-06-09 13:48:28',0),('065DB8B0C05EEA838CD48972D5090228',NULL,'/系统管理/流程管理/流程监控','流程监控','system','PSN01','/ORG01','/管理员','查看','前端提交','127.0.0.1','2022-06-09 15:31:51',0),('06DB4B6A88F23A5315E83A0A634461B2',NULL,'/系统管理/流程管理/流程监控','流程监控','system','PSN01','/ORG01','/管理员','查看','前端提交','127.0.0.1','2022-06-09 10:50:57',0),('0736EA6D03E122AAAC1BF6E6EC22EEB1','','/OA系统/人事管理/请假申请','TLv8平台-流程页面','system','PSN01','/ORG01','/管理员','查看','前端提交','127.0.0.1','2022-06-02 13:42:23',0),('07A3F10922521F356A9CDD18A9C408BD',NULL,'','','测试人员1','7BA4523D57DB87BE42614FA76B34B122','/3C0D1C2F08132B7EC6A3908BD662928E.ogn/CD92B921EE135105A1D4856539B2D58A.dpt/97DA9DF40D94E4EDD350A1A0DC4C0917.pos','/测试机构/测试部门1/测试岗位1','查看','前端提交','127.0.0.1','2022-06-06 18:34:41',0),('07EC2EFB210D6EECD077C5C1328D928C',NULL,'','TLv8平台','system','PSN01','/ORG01','/管理员','查看','前端提交','127.0.0.1','2022-06-06 18:19:53',0),('087F38A0AAB9F30A558E36E30D7556C8','','/OA系统/人事管理/请假申请','TLv8平台-流程页面','system','PSN01','/ORG01','/管理员','查看','前端提交','127.0.0.1','2022-06-02 13:40:58',0),('09320F278A5E068858619249C780212D',NULL,'','','测试人员1','7BA4523D57DB87BE42614FA76B34B122','/3C0D1C2F08132B7EC6A3908BD662928E.ogn/CD92B921EE135105A1D4856539B2D58A.dpt/97DA9DF40D94E4EDD350A1A0DC4C0917.pos','/测试机构/测试部门1/测试岗位1','查看','前端提交','127.0.0.1','2022-06-06 18:53:28',0),('097378604A021D90D2528AFBF7E3C322',NULL,'','','system','PSN01','/ORG01','/管理员','查看','前端提交','127.0.0.1','2022-06-06 18:31:12',0),('0AB4B884F2F385D6B563649E2D9FF05D','','','查看流程图、波特图','system','PSN01','/ORG01','/管理员','查看','前端提交','127.0.0.1','2022-06-02 14:46:43',0),('0B26580E94835186EB17BDD2A47355CD',NULL,'/系统管理/流程管理/流程监控','流程监控','system','PSN01','/ORG01','/管理员','查看','前端提交','127.0.0.1','2022-06-09 15:37:44',0),('0B452756F71C74DCE1D7D2C07C92AA3D',NULL,'/系统管理/流程管理/流程监控','流程监控','system','PSN01','/ORG01','/管理员','查看','前端提交','127.0.0.1','2022-06-09 11:00:44',0),('0B8191823C755EA7FB219FBF7B597A6A','','/OA系统/人事管理/请假申请','TLv8平台-流程页面','system','PSN01','/ORG01','/管理员','查看','前端提交','127.0.0.1','2022-06-02 13:12:47',0),('0C0C53B3FEBC68D01388E24F05E478DC','','/系统管理/组织机构/回收站','TLv8平台','system','PSN01','/ORG01','/管理员','查看','前端提交','127.0.0.1','2022-06-02 10:12:49',0),('0C32E4D93C9D0CEF4A614FEAFA907776',NULL,'','','测试人员1','7BA4523D57DB87BE42614FA76B34B122','/3C0D1C2F08132B7EC6A3908BD662928E.ogn/CD92B921EE135105A1D4856539B2D58A.dpt/97DA9DF40D94E4EDD350A1A0DC4C0917.pos','/测试机构/测试部门1/测试岗位1','查看','前端提交','127.0.0.1','2022-06-06 19:05:03',0),('0C7F440EF3627A8F333087C47F6A74B5','','/OA系统/人事管理/请假申请','TLv8平台-流程页面','system','PSN01','/ORG01','/管理员','查看','前端提交','127.0.0.1','2022-06-02 13:01:46',0),('0C8B9EE468E2A670172975F4F8B9205A','','/OA系统/人事管理/请假申请','TLv8平台-流程页面','system','PSN01','/ORG01','/管理员','查看','前端提交','127.0.0.1','2022-06-02 13:01:07',0),('0C94243E477F9A994E24E91353CD11CE',NULL,'/系统管理/流程管理/流程监控','流程监控','system','PSN01','/ORG01','/管理员','查看','前端提交','127.0.0.1','2022-06-09 14:53:13',0),('0CFD5B81A53037C9BF661CFBE170B441',NULL,'','TLv8平台','system','PSN01','/ORG01','/管理员','查看','前端提交','127.0.0.1','2022-06-06 18:32:03',0),('0D1DC810D78F5DC255996D86553C238E',NULL,'','TLv8平台','测试人员1','7BA4523D57DB87BE42614FA76B34B122','/3C0D1C2F08132B7EC6A3908BD662928E.ogn/CD92B921EE135105A1D4856539B2D58A.dpt/97DA9DF40D94E4EDD350A1A0DC4C0917.pos','/测试机构/测试部门1/测试岗位1','查看','前端提交','127.0.0.1','2022-06-06 18:51:41',0),('0D7B5F5287C33CFA004F37E77D896868','','/OA系统/人事管理/请假申请','TLv8平台-流程页面','system','PSN01','/ORG01','/管理员','查看','前端提交','127.0.0.1','2022-06-02 13:51:50',0),('0E343EF7D080DA5E668AEF0FE99242F6',NULL,'','','system','PSN01','/ORG01','/管理员','处理任务','前端提交','127.0.0.1','2022-06-06 18:20:11',0),('0E4E02FC340F4D2B26E79509C29D2501',NULL,'','TLv8平台','system','PSN01','/ORG01','/管理员','查看','前端提交','127.0.0.1','2022-06-09 18:14:46',0),('10BB3461A3D40F8D458D86C7673EAA28',NULL,'','TLv8平台','system','PSN01','/ORG01','/管理员','查看','前端提交','127.0.0.1','2022-06-09 16:38:16',0),('1136839468D21EE2D72B23FFB618B86F',NULL,'','查看流程图、波特图','system','PSN01','/ORG01','/管理员','查看','前端提交','127.0.0.1','2022-06-09 15:08:01',0),('11E04539283FF6CDFE4BEC258CADD1C6',NULL,'','查看流程图、波特图','system','PSN01','/ORG01','/管理员','查看','前端提交','127.0.0.1','2022-06-09 15:27:01',0),('11FCA75DB3EFFB046CAF2B6CE71A90CA',NULL,'/系统管理/流程管理/流程监控','流程监控','system','PSN01','/ORG01','/管理员','查看','前端提交','127.0.0.1','2022-06-09 10:42:27',0),('122AB6732E15DBCDC476AA5920C465D0',NULL,'','','system','PSN01','/ORG01','/管理员','查看','前端提交','127.0.0.1','2022-06-06 18:19:42',0),('12C0A21D33526606680A584ED0E82BCE','','/系统管理/组织机构/回收站','TLv8平台','system','PSN01','/ORG01','/管理员','查看','前端提交','127.0.0.1','2022-06-02 10:18:50',0),('12EA8DCAFB9350498E7E9CFE13C1FD6C',NULL,'/OA系统/人事管理/领导审批','TLv8平台-流程页面','system','PSN01','/ORG01','/管理员','查看','前端提交','127.0.0.1','2022-06-09 16:39:04',0),('13152306BE13F205FE9F6C4CE0721EEB',NULL,'','TLv8平台','system','PSN01','/ORG01','/管理员','处理任务','前端提交','127.0.0.1','2022-06-09 13:48:33',0),('137E5BA5433162877285DA45CAD358C7',NULL,'','','测试人员1','7BA4523D57DB87BE42614FA76B34B122','/3C0D1C2F08132B7EC6A3908BD662928E.ogn/CD92B921EE135105A1D4856539B2D58A.dpt/97DA9DF40D94E4EDD350A1A0DC4C0917.pos','/测试机构/测试部门1/测试岗位1','查看','前端提交','127.0.0.1','2022-06-06 18:39:25',0),('13A9951913C133DFF91A0205A5B7B572',NULL,'/系统管理/流程管理/流程监控','流程监控','system','PSN01','/ORG01','/管理员','查看','前端提交','127.0.0.1','2022-06-09 17:15:59',0),('13B6EE491CA4CC153E3B83F26FA03A93',NULL,'','','测试人员1','7BA4523D57DB87BE42614FA76B34B122','/3C0D1C2F08132B7EC6A3908BD662928E.ogn/CD92B921EE135105A1D4856539B2D58A.dpt/97DA9DF40D94E4EDD350A1A0DC4C0917.pos','/测试机构/测试部门1/测试岗位1','查看','前端提交','127.0.0.1','2022-06-06 18:38:30',0),('13E9BB8CD369B055A76913474094C0A6','','/OA系统/人事管理/请假申请','TLv8平台-流程页面','system','PSN01','/ORG01','/管理员','查看','前端提交','127.0.0.1','2022-06-02 12:57:18',0),('144B287130D10884466A4DE87F88B05D',NULL,'','','system','PSN01','/ORG01','/管理员','查看','前端提交','127.0.0.1','2022-06-06 18:32:32',0),('1581E78300DF0A3A41696F7B1A16D15C',NULL,'/OA系统/人事管理/请假申请','TLv8平台-流程页面','system','PSN01','/ORG01','/管理员','查看','前端提交','127.0.0.1','2022-06-06 18:19:33',0),('15B66F8DF7C3CA8125CB88C10B0B61F0','','','查看流程图、波特图','system','PSN01','/ORG01','/管理员','查看','前端提交','127.0.0.1','2022-06-02 14:41:51',0),('15FC709FA931ED1B37A5A0EBAD612230','','/OA系统/人事管理/请假申请','TLv8平台-流程页面','system','PSN01','/ORG01','/管理员','查看','前端提交','127.0.0.1','2022-06-02 13:48:48',0),('16423C199AF81DC73DF7ED2B937D4106',NULL,'/系统管理/流程管理/流程监控','流程监控','system','PSN01','/ORG01','/管理员','查看','前端提交','127.0.0.1','2022-06-09 10:58:34',0),('167F41D6E3A52D341C33751DBAFCD495','','','查看流程图、波特图','system','PSN01','/ORG01','/管理员','查看','前端提交','127.0.0.1','2022-06-02 14:50:29',0),('18870513380F799A212DCC6026DEA494','','','查看流程图、波特图','system','PSN01','/ORG01','/管理员','查看','前端提交','127.0.0.1','2022-06-02 14:53:08',0),('1A1E4242AB711B58A1AAFE1A4043859E',NULL,'','TLv8平台','system','PSN01','/ORG01','/管理员','查看','前端提交','127.0.0.1','2022-06-06 18:19:23',0),('1A49070F49CDFA55BC08AEDD5CBF6FB5',NULL,'/系统管理/流程管理/流程监控','流程监控','system','PSN01','/ORG01','/管理员','查看','前端提交','127.0.0.1','2022-06-09 15:41:24',0),('1A4DCB64B272D68EBC922E190E85119F',NULL,'','','system','PSN01','/ORG01','/管理员','查看','前端提交','127.0.0.1','2022-06-09 17:49:19',0),('1A573B77C730A2D854B1564CE8EF1C75','','/OA系统/人事管理/请假申请','TLv8平台-流程页面','system','PSN01','/ORG01','/管理员','查看','前端提交','127.0.0.1','2022-06-02 12:59:02',0),('1B177AEA376B71F04323FF96E7D6B64E','','/系统管理/组织机构/机构管理','机构管理','system','PSN01','/ORG01','/管理员','查看','前端提交','127.0.0.1','2022-06-02 10:18:40',0),('1B25D174010457950F78555AE26E72BF',NULL,'','TLv8平台','system','PSN01','/ORG01','/管理员','查看','前端提交','127.0.0.1','2022-06-09 13:48:32',0),('1BE287DA06DB05D7A69DEFF1232C3403',NULL,'/系统管理/流程管理/流程监控','流程监控','system','PSN01','/ORG01','/管理员','查看','前端提交','127.0.0.1','2022-06-09 14:42:35',0),('1C323CE2F718411EE6ADA4CEE56137DC',NULL,'/OA系统/人事管理/请假申请','TLv8平台-流程页面','system','PSN01','/ORG01','/管理员','查看','前端提交','127.0.0.1','2022-06-09 15:38:43',0),('1C72DC95CD106F2EF08BC84C6E1443F0',NULL,'/系统管理/流程管理/流程监控','流程监控','system','PSN01','/ORG01','/管理员','查看','前端提交','127.0.0.1','2022-06-09 16:20:46',0),('1CA7060F4AC2C68213BD12B04180D2DF',NULL,'/OA系统/人事管理/请假申请','TLv8平台-流程页面','测试人员1','7BA4523D57DB87BE42614FA76B34B122','/3C0D1C2F08132B7EC6A3908BD662928E.ogn/CD92B921EE135105A1D4856539B2D58A.dpt/97DA9DF40D94E4EDD350A1A0DC4C0917.pos','/测试机构/测试部门1/测试岗位1','查看','前端提交','127.0.0.1','2022-06-06 18:51:35',0),('1CB7332C38D9DDC335E7AEC4817C6DA6','','/OA系统/人事管理/请假申请','TLv8平台-流程页面','system','PSN01','/ORG01','/管理员','查看','前端提交','127.0.0.1','2022-06-02 13:43:05',0),('1CC70BC2B2127292BBCDAD1313D99C01',NULL,'','','system','PSN01','/ORG01','/管理员','查看','前端提交','127.0.0.1','2022-06-06 18:30:29',0),('1D3E69C20ED88E500899544CD07DB071','','/OA系统/人事管理/请假申请','TLv8平台-流程页面','system','PSN01','/ORG01','/管理员','查看','前端提交','127.0.0.1','2022-06-02 13:32:54',0),('1D8A55708347902C28ADD8C57C0C7738',NULL,'','TLv8平台','system','PSN01','/ORG01','/管理员','处理任务','前端提交','127.0.0.1','2022-06-09 16:39:40',0),('1E1D49DD10D198DA8798CECF0619A705',NULL,'','','测试人员1','7BA4523D57DB87BE42614FA76B34B122','/3C0D1C2F08132B7EC6A3908BD662928E.ogn/CD92B921EE135105A1D4856539B2D58A.dpt/97DA9DF40D94E4EDD350A1A0DC4C0917.pos','/测试机构/测试部门1/测试岗位1','查看','前端提交','127.0.0.1','2022-06-06 18:39:42',0),('1E2AF82D4A0233EFA084F2A0BFB07D8D','','/OA系统/人事管理/请假申请','TLv8平台-流程页面','system','PSN01','/ORG01','/管理员','查看','前端提交','127.0.0.1','2022-06-02 13:19:57',0),('1E59D0DD4BDB4720477B7A81DAD6F7F0','','/系统管理/组织机构/角色管理','角色管理','system','PSN01','/ORG01','/管理员','查看','前端提交','127.0.0.1','2022-06-02 10:13:59',0),('1ED2C0A763859B7B466541CDA6AB4758',NULL,'/系统管理/流程管理/流程监控','流程监控','system','PSN01','/ORG01','/管理员','查看','前端提交','127.0.0.1','2022-06-09 11:09:24',0),('1EE640165253D50F92D1720B18D0038F',NULL,'/OA系统/人事管理/请假申请','TLv8平台-流程页面','测试人员1','7BA4523D57DB87BE42614FA76B34B122','/3C0D1C2F08132B7EC6A3908BD662928E.ogn/CD92B921EE135105A1D4856539B2D58A.dpt/97DA9DF40D94E4EDD350A1A0DC4C0917.pos','/测试机构/测试部门1/测试岗位1','查看','前端提交','127.0.0.1','2022-06-06 19:02:19',0),('1F31363B2C57BE0D54A6A5D2E2D685B9','','/OA系统/人事管理/请假申请','TLv8平台-流程页面','system','PSN01','/ORG01','/管理员','查看','前端提交','127.0.0.1','2022-06-02 11:41:24',0),('1F3546F086ABE9ABE98521B5A90BF3B8',NULL,'','','system','PSN01','/ORG01','/管理员','查看','前端提交','127.0.0.1','2022-06-06 18:28:58',0),('1F56625943A5B4C5D95E100199B60F08',NULL,'/系统管理/流程管理/流程监控','流程监控','system','PSN01','/ORG01','/管理员','查看','前端提交','127.0.0.1','2022-06-09 10:56:33',0),('1FAB4C172CAA59B8A0A9D99B67E04A44',NULL,'/系统管理/组织机构/角色管理','角色管理','system','PSN01','/ORG01','/管理员','查看','前端提交','127.0.0.1','2022-06-06 18:33:34',0),('210F89D73D083098A2136DB187D0183E','','/OA系统/人事管理/请假申请','TLv8平台-流程页面','system','PSN01','/ORG01','/管理员','查看','前端提交','127.0.0.1','2022-06-02 12:58:56',0),('213C52C0448FE718999AF7DDC3BDED8B','','/OA系统/人事管理/请假申请','TLv8平台-流程页面','system','PSN01','/ORG01','/管理员','查看','前端提交','127.0.0.1','2022-06-02 11:56:41',0),('21F2E47230E44A0559246E786870743E',NULL,'','TLv8平台','system','PSN01','/ORG01','/管理员','查看','前端提交','127.0.0.1','2022-06-09 16:37:57',0),('224ECD6949F3AC93CF767F92D0444864','','/OA系统/人事管理/请假申请','TLv8平台-流程页面','system','PSN01','/ORG01','/管理员','查看','前端提交','127.0.0.1','2022-06-02 11:44:16',0),('22611E7CCDD0A036FB64230D639885A2','','','查看流程图、波特图','system','PSN01','/ORG01','/管理员','查看','前端提交','127.0.0.1','2022-06-02 14:13:44',0),('22A09CC3615FA5FBB137443666C6AFA9',NULL,'/系统管理/流程管理/流程监控','流程监控','system','PSN01','/ORG01','/管理员','查看','前端提交','127.0.0.1','2022-06-09 10:34:10',0),('23477E9625B8A75D4B823E6A35459AE0',NULL,'/系统管理/流程管理/流程监控','流程监控','system','PSN01','/ORG01','/管理员','查看','前端提交','127.0.0.1','2022-06-09 14:49:33',0),('2362D1E6293E35DF3AB171BB03FF7700',NULL,'/OA系统/人事管理/部门审批','TLv8平台-流程页面','system','PSN01','/ORG01','/管理员','查看','前端提交','127.0.0.1','2022-06-08 16:49:39',0),('252471F3701871D9765628306DFBDCBC',NULL,'/系统管理/流程管理/流程监控','流程监控','system','PSN01','/ORG01','/管理员','查看','前端提交','127.0.0.1','2022-06-09 17:50:56',0),('252B8B24DFE9B0483C5F4923B1DB440D','','/系统管理/系统工具/在线用户','在线用户','system','PSN01','/ORG01','/管理员','查看','前端提交','127.0.0.1','2022-06-02 13:03:39',0),('2534DEED04D87AE71C40D5B218232A05',NULL,'','','测试人员1','7BA4523D57DB87BE42614FA76B34B122','/3C0D1C2F08132B7EC6A3908BD662928E.ogn/CD92B921EE135105A1D4856539B2D58A.dpt/97DA9DF40D94E4EDD350A1A0DC4C0917.pos','/测试机构/测试部门1/测试岗位1','查看','前端提交','127.0.0.1','2022-06-06 18:51:31',0),('2549466EB7DE547A1AFC11823E24C7F8',NULL,'','','system','PSN01','/ORG01','/管理员','查看','前端提交','127.0.0.1','2022-06-09 16:38:02',0),('2573E44D124F492678BBA852736B17BF',NULL,'','TLv8平台','system','PSN01','/ORG01','/管理员','查看','前端提交','127.0.0.1','2022-06-09 13:48:58',0),('2576C9E7A42235813F7697648658349C','','/OA系统/人事管理/请假申请','TLv8平台-流程页面','system','PSN01','/ORG01','/管理员','查看','前端提交','127.0.0.1','2022-06-02 13:24:45',0),('257C54B5246A96A3A60FC37A30A29523',NULL,'','TLv8平台','system','PSN01','/ORG01','/管理员','查看','前端提交','127.0.0.1','2022-06-06 18:19:16',0),('25EDBF0D6AEAAC31EF178594A8B01596',NULL,'','查看流程图、波特图','system','PSN01','/ORG01','/管理员','查看','前端提交','127.0.0.1','2022-06-09 15:02:21',0),('263C47A9CC5D508CC27A27C8BF77D30F',NULL,'/OA系统/人事管理/请假申请','TLv8平台-流程页面','测试人员1','7BA4523D57DB87BE42614FA76B34B122','/3C0D1C2F08132B7EC6A3908BD662928E.ogn/CD92B921EE135105A1D4856539B2D58A.dpt/97DA9DF40D94E4EDD350A1A0DC4C0917.pos','/测试机构/测试部门1/测试岗位1','查看','前端提交','127.0.0.1','2022-06-06 19:03:48',0),('26EACEB02EEAE390B55243D53F95086E',NULL,'/系统管理/流程管理/流程监控','流程监控','system','PSN01','/ORG01','/管理员','查看','前端提交','127.0.0.1','2022-06-09 15:10:02',0),('279DA04CF1BE6C783E8D4403DDEB238C','','','查看流程图、波特图','system','PSN01','/ORG01','/管理员','查看','前端提交','127.0.0.1','2022-06-02 14:35:40',0),('27D17CAE800DB7E82C7EF64F02D621D7',NULL,'','查看流程图、波特图','system','PSN01','/ORG01','/管理员','查看','前端提交','127.0.0.1','2022-06-09 15:02:15',0),('2842D78134E7D25EFD2C2E196634222A','','/OA系统/人事管理/请假申请','TLv8平台-流程页面','system','PSN01','/ORG01','/管理员','查看','前端提交','127.0.0.1','2022-06-02 11:47:53',0),('284808D7BD5C90535375551F548211DA','','/OA系统/人事管理/请假申请','TLv8平台-流程页面','system','PSN01','/ORG01','/管理员','查看','前端提交','127.0.0.1','2022-06-02 13:08:59',0),('288CAC587CF3AFE3F6033F6A150B7350',NULL,'','查看流程图、波特图','system','PSN01','/ORG01','/管理员','查看','前端提交','127.0.0.1','2022-06-09 15:02:04',0),('2988004D98979D50773662E34BE62FF5',NULL,'','TLv8平台','system','PSN01','/ORG01','/管理员','查看','前端提交','127.0.0.1','2022-06-09 18:15:09',0),('2A22179971653C79D9842C77515B13F4','','','查看流程图、波特图','system','PSN01','/ORG01','/管理员','查看','前端提交','127.0.0.1','2022-06-02 14:29:36',0),('2ADD8EC1380DC87390FB2DE80C294F6E','','/OA系统/人事管理/请假申请','TLv8平台-流程页面','system','PSN01','/ORG01','/管理员','查看','前端提交','127.0.0.1','2022-06-02 12:59:57',0),('2AE69ECC60C13D6FF5E1E343FD0581EB',NULL,'/系统管理/流程管理/流程监控','流程监控','system','PSN01','/ORG01','/管理员','查看','前端提交','127.0.0.1','2022-06-09 14:29:28',0),('2AF59863CC606586D8CD9C473F600F16',NULL,'','TLv8平台','测试人员1','7BA4523D57DB87BE42614FA76B34B122','/3C0D1C2F08132B7EC6A3908BD662928E.ogn/CD92B921EE135105A1D4856539B2D58A.dpt/97DA9DF40D94E4EDD350A1A0DC4C0917.pos','/测试机构/测试部门1/测试岗位1','查看','前端提交','127.0.0.1','2022-06-06 18:57:59',0),('2B2D8E3651DEDEFB113FA7CD1D6D87DB','','','查看流程图、波特图','system','PSN01','/ORG01','/管理员','查看','前端提交','127.0.0.1','2022-06-02 14:54:21',0),('2BBA1720DE8C4AF96EF29399813D7590',NULL,'/OA系统/人事管理/请假申请','TLv8平台-流程页面','测试人员1','7BA4523D57DB87BE42614FA76B34B122','/3C0D1C2F08132B7EC6A3908BD662928E.ogn/CD92B921EE135105A1D4856539B2D58A.dpt/97DA9DF40D94E4EDD350A1A0DC4C0917.pos','/测试机构/测试部门1/测试岗位1','查看','前端提交','127.0.0.1','2022-06-06 18:57:38',0),('2BC4AEBB9CB4A567D62017932C9B4926',NULL,'','','测试人员1','7BA4523D57DB87BE42614FA76B34B122','/3C0D1C2F08132B7EC6A3908BD662928E.ogn/CD92B921EE135105A1D4856539B2D58A.dpt/97DA9DF40D94E4EDD350A1A0DC4C0917.pos','/测试机构/测试部门1/测试岗位1','查看','前端提交','127.0.0.1','2022-06-06 18:57:49',0),('2BDD921F9B3ECD1665207041621C80C8','','/OA系统/人事管理/请假申请','TLv8平台-流程页面','system','PSN01','/ORG01','/管理员','查看','前端提交','127.0.0.1','2022-06-02 11:41:47',0),('2BE7F0ADDE25B63BBB9F62E8442ED2BD',NULL,'','','测试人员1','7BA4523D57DB87BE42614FA76B34B122','/3C0D1C2F08132B7EC6A3908BD662928E.ogn/CD92B921EE135105A1D4856539B2D58A.dpt/97DA9DF40D94E4EDD350A1A0DC4C0917.pos','/测试机构/测试部门1/测试岗位1','查看','前端提交','127.0.0.1','2022-06-06 18:39:14',0),('2D6B6C2E2E55EC6F2AD3DD0BDFFC5863','','/OA系统/人事管理/请假申请','TLv8平台-流程页面','system','PSN01','/ORG01','/管理员','查看','前端提交','127.0.0.1','2022-06-02 11:48:26',0),('2EB79DDCB5EF5F99F8F993E331411EF4',NULL,'','','system','PSN01','/ORG01','/管理员','查看','前端提交','127.0.0.1','2022-06-09 17:55:49',0),('2ECB6C6EE20540A042704E8588BEC23E','','/OA系统/人事管理/请假申请','TLv8平台-流程页面','system','PSN01','/ORG01','/管理员','查看','前端提交','127.0.0.1','2022-06-02 14:59:40',0),('2EF8D94039B1A4266AFFC8392C62F6D4',NULL,'','','system','PSN01','/ORG01','/管理员','查看','前端提交','127.0.0.1','2022-06-06 18:28:50',0),('2F3E4F252B4B2EECD55198BF242E2F2F','','','查看流程图、波特图','system','PSN01','/ORG01','/管理员','查看','前端提交','127.0.0.1','2022-06-02 14:30:18',0),('300897B174C767F84D4B3A6B0CF807B7','','/OA系统/人事管理/请假申请','TLv8平台-流程页面','system','PSN01','/ORG01','/管理员','查看','前端提交','127.0.0.1','2022-06-02 14:53:07',0),('305F0AFA0ADFC8D0B5353AFC7D3FFBCF',NULL,'/系统管理/流程管理/流程监控','流程监控','system','PSN01','/ORG01','/管理员','查看','前端提交','127.0.0.1','2022-06-09 14:07:59',0),('3069908FF58F9A660D21E300FAEE8B6C',NULL,'/系统管理/流程管理/流程监控','流程监控','system','PSN01','/ORG01','/管理员','查看','前端提交','127.0.0.1','2022-06-09 15:40:38',0),('30C0B6F5A3758A2D227F1D81577CAA19',NULL,'','','system','PSN01','/ORG01','/管理员','查看','前端提交','127.0.0.1','2022-06-06 18:31:53',0),('312C706D209C54824E03ED1E9CF58864','','/OA系统/人事管理/请假申请','TLv8平台-流程页面','system','PSN01','/ORG01','/管理员','查看','前端提交','127.0.0.1','2022-06-02 13:15:14',0),('3200AB842F4F1775F6D38F936D2CF643',NULL,'/系统管理/流程管理/流程监控','流程监控','system','PSN01','/ORG01','/管理员','查看','前端提交','127.0.0.1','2022-06-09 15:30:31',0),('3201EF08DC98C083B2A970258FEF35A5',NULL,'','TLv8平台','测试人员1','7BA4523D57DB87BE42614FA76B34B122','/3C0D1C2F08132B7EC6A3908BD662928E.ogn/CD92B921EE135105A1D4856539B2D58A.dpt/97DA9DF40D94E4EDD350A1A0DC4C0917.pos','/测试机构/测试部门1/测试岗位1','查看','前端提交','127.0.0.1','2022-06-06 18:39:00',0),('32CFEB84BC48D999397BE18449A6C22E',NULL,'/系统管理/流程管理/流程监控','流程监控','system','PSN01','/ORG01','/管理员','查看','前端提交','127.0.0.1','2022-06-09 10:54:38',0),('330D0EA3772858E2796AB07575FF00B9',NULL,'','','测试人员1','7BA4523D57DB87BE42614FA76B34B122','/3C0D1C2F08132B7EC6A3908BD662928E.ogn/CD92B921EE135105A1D4856539B2D58A.dpt/97DA9DF40D94E4EDD350A1A0DC4C0917.pos','/测试机构/测试部门1/测试岗位1','查看','前端提交','127.0.0.1','2022-06-06 18:39:05',0),('34359EE55A0BC3A7EA1FB163EC181ED3','','/系统管理/流程管理/流程设计','流程设计','system','PSN01','/ORG01','/管理员','查看','前端提交','127.0.0.1','2022-06-02 10:13:36',0),('353E83E522FEE64C814BC0395D2BE943','','/OA系统/人事管理/请假申请','TLv8平台-流程页面','system','PSN01','/ORG01','/管理员','查看','前端提交','127.0.0.1','2022-06-02 13:29:47',0),('354F45FA0A512696B9244AD83D348F2A',NULL,'/系统管理/流程管理/流程监控','流程监控','system','PSN01','/ORG01','/管理员','查看','前端提交','127.0.0.1','2022-06-09 14:52:26',0),('3655173F784A45A01BC13E7201FD74EA','','','','system','PSN01','/ORG01','/管理员','查看','前端提交','127.0.0.1','2022-06-02 10:20:56',0),('36E41A93CD43C356E904E7D14779810F',NULL,'','TLv8平台','system','PSN01','/ORG01','/管理员','查看','前端提交','127.0.0.1','2022-06-06 18:19:40',0),('3747759F057387F9AF6CA384AD1CEA5F',NULL,'','','system','PSN01','/ORG01','/管理员','查看','前端提交','127.0.0.1','2022-06-09 17:53:40',0),('37A9FF6A6ECD826A9F009FE0E051A4D3',NULL,'','TLv8平台','system','PSN01','/ORG01','/管理员','查看','前端提交','127.0.0.1','2022-06-09 18:15:12',0),('37D83B0330DC7E0A7DAFD467839024EC','','/OA系统/人事管理/请假申请','TLv8平台-流程页面','system','PSN01','/ORG01','/管理员','查看','前端提交','127.0.0.1','2022-06-02 11:33:53',0),('3812621AD68D57B0B878AD6165DBEBDF','','','','system','PSN01','/ORG01','/管理员','查看','前端提交','127.0.0.1','2022-06-02 11:15:38',0),('385A3098CAB46525815BDB6EE910CEAE','','','','system','PSN01','/ORG01','/管理员','查看','前端提交','127.0.0.1','2022-06-02 10:12:55',0),('387A20BB1E2D05B2C631773DA5BA0308',NULL,'/系统管理/流程管理/流程监控','流程监控','system','PSN01','/ORG01','/管理员','查看','前端提交','127.0.0.1','2022-06-09 15:09:36',0),('39584754252BF34E3F8C252CA70504C0',NULL,'','查看流程图、波特图','system','PSN01','/ORG01','/管理员','查看','前端提交','127.0.0.1','2022-06-09 14:58:37',0),('3A343FF81981F87EEEF29CFAB07A038D','','/OA系统/人事管理/请假申请','TLv8平台-流程页面','system','PSN01','/ORG01','/管理员','查看','前端提交','127.0.0.1','2022-06-02 13:09:56',0),('3A71C26981B7458DC7536EEC5DDED4CC',NULL,'/系统管理/流程管理/流程监控','流程监控','system','PSN01','/ORG01','/管理员','处理任务','前端提交','127.0.0.1','2022-06-09 14:53:07',0),('3AD14568643B54C489A3C42C7AD9D283',NULL,'/系统管理/流程管理/流程监控','流程监控','system','PSN01','/ORG01','/管理员','查看','前端提交','127.0.0.1','2022-06-09 16:19:25',0),('3AD7891C6E2083FE89F8BCD715D53218','','/系统管理/组织机构/角色管理','角色管理','system','PSN01','/ORG01','/管理员','查看','前端提交','127.0.0.1','2022-06-02 10:18:43',0),('3ADDAA1CBF26F8033BFFB30F2C7AB5D9',NULL,'/OA系统/人事管理/请假申请','TLv8平台-流程页面','测试人员1','7BA4523D57DB87BE42614FA76B34B122','/3C0D1C2F08132B7EC6A3908BD662928E.ogn/CD92B921EE135105A1D4856539B2D58A.dpt/97DA9DF40D94E4EDD350A1A0DC4C0917.pos','/测试机构/测试部门1/测试岗位1','查看','前端提交','127.0.0.1','2022-06-06 19:05:41',0),('3B3B8849671B1A7E1002924F8FE6B4B4',NULL,'/OA系统/人事管理/请假申请','TLv8平台-流程页面','测试人员1','7BA4523D57DB87BE42614FA76B34B122','/3C0D1C2F08132B7EC6A3908BD662928E.ogn/CD92B921EE135105A1D4856539B2D58A.dpt/97DA9DF40D94E4EDD350A1A0DC4C0917.pos','/测试机构/测试部门1/测试岗位1','查看','前端提交','127.0.0.1','2022-06-06 18:34:22',0),('3B7B771E3BCC70562DC4E91A7301A948',NULL,'/系统管理/流程管理/流程监控','流程监控','system','PSN01','/ORG01','/管理员','查看','前端提交','127.0.0.1','2022-06-09 15:39:26',0),('3C5B58722A67B57696AC9196B00D3538',NULL,'','','system','PSN01','/ORG01','/管理员','查看','前端提交','127.0.0.1','2022-06-06 18:20:14',0),('3CC725FF9A3DEBD3F9EE43EABE8AE725','','/OA系统/人事管理/请假申请','TLv8平台-流程页面','system','PSN01','/ORG01','/管理员','查看','前端提交','127.0.0.1','2022-06-02 13:29:59',0),('3D467540E38EF628306647E4B4319BF1',NULL,'','TLv8平台','system','PSN01','/ORG01','/管理员','处理任务','前端提交','127.0.0.1','2022-06-09 10:22:32',0),('3D597D2DCA7CECBB89600330A304A63F',NULL,'/系统管理/流程管理/流程监控','流程监控','system','PSN01','/ORG01','/管理员','查看','前端提交','127.0.0.1','2022-06-09 15:40:39',0),('3DBB2905FE691FC953CA6806D7275226',NULL,'/OA系统/人事管理/领导审批','TLv8平台-流程页面','system','PSN01','/ORG01','/管理员','查看','前端提交','127.0.0.1','2022-06-09 16:39:40',0),('3DE11B52F2D58CD399B4C4032F44172C','','/OA系统/人事管理/请假申请','TLv8平台-流程页面','system','PSN01','/ORG01','/管理员','查看','前端提交','127.0.0.1','2022-06-02 12:52:00',0),('3E08CD159FF89014D2B37E474354FB1B','','/OA系统/人事管理/请假申请','TLv8平台-流程页面','system','PSN01','/ORG01','/管理员','查看','前端提交','127.0.0.1','2022-06-02 11:53:24',0),('3E2FFE70DF4C8C8DE01577534AA4D32A',NULL,'','查看流程图、波特图','system','PSN01','/ORG01','/管理员','查看','前端提交','127.0.0.1','2022-06-09 15:02:20',0),('3E79647923D3009E00D66B4E3FBF59BA','','/OA系统/人事管理/请假申请','TLv8平台-流程页面','system','PSN01','/ORG01','/管理员','查看','前端提交','127.0.0.1','2022-06-02 13:17:08',0),('3EADE594CDC2CB7BF775505F459DE631',NULL,'','','system','PSN01','/ORG01','/管理员','查看','前端提交','127.0.0.1','2022-06-06 18:33:35',0),('3EED17165337C95DCD21A96766987A19',NULL,'','','system','PSN01','/ORG01','/管理员','查看','前端提交','127.0.0.1','2022-06-06 18:26:51',0),('3F237D96504FC73A707B81B11780F365','','','查看流程图、波特图','system','PSN01','/ORG01','/管理员','查看','前端提交','127.0.0.1','2022-06-02 14:55:08',0),('3F411F1F1F8DB6438D5F9C655345D52F',NULL,'/OA系统/人事管理/部门审批','TLv8平台-流程页面','system','PSN01','/ORG01','/管理员','查看','前端提交','127.0.0.1','2022-06-09 16:38:17',0),('3F99645FD10DA66AF15C47A048757F16','','','查看流程图、波特图','system','PSN01','/ORG01','/管理员','查看','前端提交','127.0.0.1','2022-06-02 14:44:49',0),('3FB8B4B85B26980F1EECEA88F562C571','','/OA系统/人事管理/请假申请','TLv8平台-流程页面','system','PSN01','/ORG01','/管理员','查看','前端提交','127.0.0.1','2022-06-02 13:33:56',0),('3FF0C54FBDCAE9C977C79305296B4A59',NULL,'','','system','PSN01','/ORG01','/管理员','查看','前端提交','127.0.0.1','2022-06-06 18:28:00',0),('408C7710B6E0D86E8A4F6D9F69FD7FDA',NULL,'','','system','PSN01','/ORG01','/管理员','查看','前端提交','127.0.0.1','2022-06-06 18:33:54',0),('40DA120F141BFF7B30B82BD058D4BDA4',NULL,'','','system','PSN01','/ORG01','/管理员','查看','前端提交','127.0.0.1','2022-06-09 17:56:32',0),('427D5D05FD3BF933C75D9A9D68C65805',NULL,'','','测试人员1','7BA4523D57DB87BE42614FA76B34B122','/3C0D1C2F08132B7EC6A3908BD662928E.ogn/CD92B921EE135105A1D4856539B2D58A.dpt/97DA9DF40D94E4EDD350A1A0DC4C0917.pos','/测试机构/测试部门1/测试岗位1','查看','前端提交','127.0.0.1','2022-06-06 18:36:15',0),('42F0125D5616636049DE30D0D46797B0','','','查看流程图、波特图','system','PSN01','/ORG01','/管理员','查看','前端提交','127.0.0.1','2022-06-02 14:55:52',0),('42F27EC1A51DE399BA4D251031949372',NULL,'/系统管理/流程管理/流程监控','流程监控','system','PSN01','/ORG01','/管理员','查看','前端提交','127.0.0.1','2022-06-09 10:24:14',0),('4446E67CACF8FD04249E0062585AA5BA','','','查看流程图、波特图','system','PSN01','/ORG01','/管理员','查看','前端提交','127.0.0.1','2022-06-02 14:54:39',0),('4499ACD738FFE7C07B253C7DF7BC3E10',NULL,'/系统管理/流程管理/流程监控','流程监控','system','PSN01','/ORG01','/管理员','查看','前端提交','127.0.0.1','2022-06-09 10:36:31',0),('44C79BC15FB38375FC5412E9231284DF',NULL,'','TLv8平台','system','PSN01','/ORG01','/管理员','查看','前端提交','127.0.0.1','2022-06-09 16:38:25',0),('44D40B73900B0F436C98A4349569E1AB',NULL,'/系统管理/流程管理/流程监控','流程监控','system','PSN01','/ORG01','/管理员','查看','前端提交','127.0.0.1','2022-06-09 14:46:46',0),('44F47D3F550DD1DD62E7673D86C6A386','','/OA系统/人事管理/请假申请','TLv8平台-流程页面','system','PSN01','/ORG01','/管理员','查看','前端提交','127.0.0.1','2022-06-02 11:54:16',0),('44F7F187D6CC0D059FA6CA956B6B2B0C',NULL,'/系统管理/流程管理/流程监控','流程监控','system','PSN01','/ORG01','/管理员','查看','前端提交','127.0.0.1','2022-06-09 10:46:38',0),('4503C844C77C4F1125A7399737998E2B',NULL,'','','测试人员1','7BA4523D57DB87BE42614FA76B34B122','/3C0D1C2F08132B7EC6A3908BD662928E.ogn/CD92B921EE135105A1D4856539B2D58A.dpt/97DA9DF40D94E4EDD350A1A0DC4C0917.pos','/测试机构/测试部门1/测试岗位1','查看','前端提交','127.0.0.1','2022-06-06 18:46:59',0),('45CE7A7D84D38FA74773723486D72F55',NULL,'','TLv8平台','system','PSN01','/ORG01','/管理员','处理任务','前端提交','127.0.0.1','2022-06-09 14:08:11',0),('45D372CCF42695C33D517CF12F4C3FC3','','/OA系统/人事管理/请假申请','TLv8平台-流程页面','system','PSN01','/ORG01','/管理员','查看','前端提交','127.0.0.1','2022-06-02 11:35:08',0),('45D58D43A776A157DC0C67E5A15C7888',NULL,'/系统管理/流程管理/流程监控','流程监控','system','PSN01','/ORG01','/管理员','查看','前端提交','127.0.0.1','2022-06-09 15:33:12',0),('45E1864C799C1F198CB443940D91FA21',NULL,'/OA系统/人事管理/请假申请','TLv8平台-流程页面','system','PSN01','/ORG01','/管理员','查看','前端提交','127.0.0.1','2022-06-09 18:14:53',0),('4691039EAB2F956C87BF552453DAF86F',NULL,'','','system','PSN01','/ORG01','/管理员','查看','前端提交','127.0.0.1','2022-06-06 18:32:05',0),('46B9DA1718EE38823BAA1DA30EDDEAB2',NULL,'/系统管理/流程管理/流程监控','流程监控','system','PSN01','/ORG01','/管理员','查看','前端提交','127.0.0.1','2022-06-09 14:35:42',0),('46E72BD0DD31FD1A648893BA494CBCAE',NULL,'/系统管理/流程管理/流程监控','流程监控','system','PSN01','/ORG01','/管理员','查看','前端提交','127.0.0.1','2022-06-09 11:00:36',0),('46F6E04E8FF4624D9AB92A0D90344F03','','/OA系统/人事管理/请假申请','TLv8平台-流程页面','system','PSN01','/ORG01','/管理员','查看','前端提交','127.0.0.1','2022-06-02 13:41:35',0),('46F760884FEF45791DC755BAAA57908B',NULL,'','TLv8平台','system','PSN01','/ORG01','/管理员','查看','前端提交','127.0.0.1','2022-06-09 10:16:20',0),('471A4BE001FE69A4D041FA7D52B50714','','/OA系统/人事管理/请假申请','TLv8平台-流程页面','system','PSN01','/ORG01','/管理员','查看','前端提交','127.0.0.1','2022-06-02 11:58:14',0),('479B73B12B7D8B5381FE32DE4CC1D693',NULL,'/系统管理/流程管理/流程监控','流程监控','system','PSN01','/ORG01','/管理员','查看','前端提交','127.0.0.1','2022-06-09 16:33:33',0),('47A7C3100B8E8F45CA15B484797E3568',NULL,'','TLv8平台','测试人员1','7BA4523D57DB87BE42614FA76B34B122','/3C0D1C2F08132B7EC6A3908BD662928E.ogn/CD92B921EE135105A1D4856539B2D58A.dpt/97DA9DF40D94E4EDD350A1A0DC4C0917.pos','/测试机构/测试部门1/测试岗位1','查看','前端提交','127.0.0.1','2022-06-06 19:04:54',0),('4857BD9C881A6B0A1138E4F9425988BD','','/系统管理/流程管理/流程设计','流程设计','system','PSN01','/ORG01','/管理员','查看','前端提交','127.0.0.1','2022-06-02 11:15:37',0),('4959D58FE435D824B332C77261FB8438','','/OA系统/人事管理/请假申请','TLv8平台-流程页面','system','PSN01','/ORG01','/管理员','查看','前端提交','127.0.0.1','2022-06-02 13:37:19',0),('49A74D11527F3C64872D2EC53C370C3A','','/系统管理/组织机构/授权管理','授权管理','system','PSN01','/ORG01','/管理员','查看','前端提交','127.0.0.1','2022-06-02 10:18:47',0),('49CD9B87D922F21B18FA8F6A432D4A2A',NULL,'/系统管理/流程管理/流程监控','流程监控','system','PSN01','/ORG01','/管理员','查看','前端提交','127.0.0.1','2022-06-09 11:08:27',0),('4A4E4FD814ACDC1544CDD8D90A5C9DFD',NULL,'/系统管理/流程管理/流程监控','流程监控','system','PSN01','/ORG01','/管理员','查看','前端提交','127.0.0.1','2022-06-09 10:45:19',0),('4B9A527CAC2AF902A78E3A6488DE096E',NULL,'/OA系统/人事管理/领导审批','TLv8平台-流程页面','system','PSN01','/ORG01','/管理员','查看','前端提交','127.0.0.1','2022-06-09 16:39:34',0),('4BF0FE3E228A94065D02629032319ED2','','/系统管理/流程管理/流程设计','流程设计','system','PSN01','/ORG01','/管理员','查看','前端提交','127.0.0.1','2022-06-02 13:02:29',0),('4C8B2C0CF7B0D6692FB3BF6DBF8711CB',NULL,'/系统管理/流程管理/流程监控','流程监控','system','PSN01','/ORG01','/管理员','查看','前端提交','127.0.0.1','2022-06-09 15:01:09',0),('4CC694E783FF838784243C2CD7A9A57E',NULL,'/OA系统/人事管理/请假申请','TLv8平台-流程页面','测试人员1','7BA4523D57DB87BE42614FA76B34B122','/3C0D1C2F08132B7EC6A3908BD662928E.ogn/CD92B921EE135105A1D4856539B2D58A.dpt/97DA9DF40D94E4EDD350A1A0DC4C0917.pos','/测试机构/测试部门1/测试岗位1','查看','前端提交','127.0.0.1','2022-06-06 19:01:42',0),('4CFF9E72F714F73DF675F9FF11C35E16',NULL,'/系统管理/流程管理/流程监控','流程监控','system','PSN01','/ORG01','/管理员','查看','前端提交','127.0.0.1','2022-06-09 14:13:33',0),('4D1A7EEFE1AFFF5FE2F771352EFE181E',NULL,'','','测试人员1','7BA4523D57DB87BE42614FA76B34B122','/3C0D1C2F08132B7EC6A3908BD662928E.ogn/CD92B921EE135105A1D4856539B2D58A.dpt/97DA9DF40D94E4EDD350A1A0DC4C0917.pos','/测试机构/测试部门1/测试岗位1','查看','前端提交','127.0.0.1','2022-06-06 19:04:55',0),('4D34E59507C834BB1BE61A3797C2191D','','','','system','PSN01','/ORG01','/管理员','查看','前端提交','127.0.0.1','2022-06-02 11:25:52',0),('4D94845A07E0A730D31F5E7C5B288DA7',NULL,'','','system','PSN01','/ORG01','/管理员','查看','前端提交','127.0.0.1','2022-06-09 17:56:38',0),('4DC93118213F71C38E079EC462F6D52E',NULL,'','查看流程图、波特图','system','PSN01','/ORG01','/管理员','查看','前端提交','127.0.0.1','2022-06-09 14:58:29',0),('4DEC6664347A7F56A78865EA568F6929',NULL,'/系统管理/流程管理/流程监控','流程监控','system','PSN01','/ORG01','/管理员','查看','前端提交','127.0.0.1','2022-06-09 10:33:41',0),('4DF111701BFCDEBA031A53CBFB8921A5',NULL,'/系统管理/流程管理/流程监控','流程监控','system','PSN01','/ORG01','/管理员','查看','前端提交','127.0.0.1','2022-06-09 14:58:22',0),('4E37F811A7B267C2A48CB83D5AB17827','','/OA系统/人事管理/请假申请','TLv8平台-流程页面','system','PSN01','/ORG01','/管理员','查看','前端提交','127.0.0.1','2022-06-02 13:33:43',0),('4E7B32F67BA4077938D020F81B97E36C',NULL,'/系统管理/流程管理/流程监控','流程监控','system','PSN01','/ORG01','/管理员','查看','前端提交','127.0.0.1','2022-06-09 17:49:15',0),('4EA038F14E25E5BD40EF58A98F7B9A59',NULL,'','查看流程图、波特图','system','PSN01','/ORG01','/管理员','查看','前端提交','127.0.0.1','2022-06-09 10:22:26',0),('4F794426CCD71060C22442D2E6098AF4','','/OA系统/人事管理/请假申请','TLv8平台-流程页面','system','PSN01','/ORG01','/管理员','查看','前端提交','127.0.0.1','2022-06-02 11:44:28',0),('4FA1FF9906FACF5CEDF6CD0D42D5E108',NULL,'','查看流程图、波特图','system','PSN01','/ORG01','/管理员','查看','前端提交','127.0.0.1','2022-06-09 16:41:44',0),('50509B53D4DF01C257024614C2DF2447',NULL,'','查看流程图、波特图','system','PSN01','/ORG01','/管理员','查看','前端提交','127.0.0.1','2022-06-09 15:38:35',0),('50EA6DE2AC2E4D5828DAC537FD651087',NULL,'/系统管理/流程管理/流程监控','流程监控','system','PSN01','/ORG01','/管理员','查看','前端提交','127.0.0.1','2022-06-09 15:41:27',0),('51074CDEAA0FE9E52E78EFC235054685',NULL,'','查看流程图、波特图','system','PSN01','/ORG01','/管理员','查看','前端提交','127.0.0.1','2022-06-09 16:42:17',0),('51708488C41B6D9627FB410A14F39E99','','','查看流程图、波特图','system','PSN01','/ORG01','/管理员','查看','前端提交','127.0.0.1','2022-06-02 14:55:40',0),('523992A0432E797C7704007EF98C355D',NULL,'/系统管理/流程管理/流程监控','流程监控','system','PSN01','/ORG01','/管理员','查看','前端提交','127.0.0.1','2022-06-09 10:37:54',0),('527839E91C1CBDB6794D425F10BCFC6D',NULL,'/系统管理/流程管理/流程监控','流程监控','system','PSN01','/ORG01','/管理员','查看','前端提交','127.0.0.1','2022-06-09 16:21:54',0),('52AD9532F4FB47735B3F4C6C4E71424D',NULL,'/系统管理/流程管理/流程监控','流程监控','system','PSN01','/ORG01','/管理员','查看','前端提交','127.0.0.1','2022-06-09 10:22:37',0),('52F591FA0A459327E99109F805914EAB',NULL,'/系统管理/流程管理/流程监控','流程监控','system','PSN01','/ORG01','/管理员','查看','前端提交','127.0.0.1','2022-06-09 15:30:30',0),('537585375E34AA5D67FFDE2E1568A2BB','','/OA系统/人事管理/请假申请','TLv8平台-流程页面','system','PSN01','/ORG01','/管理员','查看','前端提交','127.0.0.1','2022-06-02 11:52:15',0),('5375D7D9E95040FA1B5593509F99C11A',NULL,'','TLv8平台','system','PSN01','/ORG01','/管理员','查看','前端提交','127.0.0.1','2022-06-09 10:22:34',0),('53A9019E3F715C14D647B1767B2D843E',NULL,'','查看流程图、波特图','system','PSN01','/ORG01','/管理员','查看','前端提交','127.0.0.1','2022-06-09 15:38:46',0),('54215D30E6FFAB5B93637BCE05D1A7BC',NULL,'','TLv8平台','测试人员1','7BA4523D57DB87BE42614FA76B34B122','/3C0D1C2F08132B7EC6A3908BD662928E.ogn/CD92B921EE135105A1D4856539B2D58A.dpt/97DA9DF40D94E4EDD350A1A0DC4C0917.pos','/测试机构/测试部门1/测试岗位1','查看','前端提交','127.0.0.1','2022-06-06 18:33:17',0),('5429DB47D3EE8701DA67CBE3F8768B38',NULL,'/系统管理/流程管理/流程监控','流程监控','system','PSN01','/ORG01','/管理员','查看','前端提交','127.0.0.1','2022-06-09 10:55:50',0),('5459C55A307F26DC83E47E4721DB8C22','','/系统管理/组织机构/机构管理','机构管理','system','PSN01','/ORG01','/管理员','查看','前端提交','127.0.0.1','2022-06-02 10:18:42',0),('546F9FE09BD00375BA96210EEE8556EF',NULL,'','TLv8平台','system','PSN01','/ORG01','/管理员','查看','前端提交','127.0.0.1','2022-06-09 14:08:14',0),('54BE1251C681BC91B444D9B8381C01AE','','','','system','PSN01','/ORG01','/管理员','查看','前端提交','127.0.0.1','2022-06-02 10:13:40',0),('54F51790F76C0778A2D8BCF21C42D442',NULL,'/系统管理/流程管理/流程监控','流程监控','system','PSN01','/ORG01','/管理员','查看','前端提交','127.0.0.1','2022-06-09 14:19:24',0),('54F74A87137E95F1230E8DC5D5252839',NULL,'/系统管理/流程管理/流程监控','流程监控','system','PSN01','/ORG01','/管理员','查看','前端提交','127.0.0.1','2022-06-09 14:08:16',0),('5569B7AE66812F783AC4F2B682B8E0F7','','/系统管理/组织机构/授权管理','授权管理','system','PSN01','/ORG01','/管理员','查看','前端提交','127.0.0.1','2022-06-02 13:03:15',0),('556B826A68CACF17F7B19BE107E8A143','','/OA系统/人事管理/请假申请','TLv8平台-流程页面','system','PSN01','/ORG01','/管理员','查看','前端提交','127.0.0.1','2022-06-02 13:44:11',0),('5576AB542B463E5236BA4A348425EB58',NULL,'/系统管理/流程管理/流程监控','流程监控','system','PSN01','/ORG01','/管理员','查看','前端提交','127.0.0.1','2022-06-09 14:46:53',0),('55ED63A875B34C2CDC34D468E59454C1',NULL,'','TLv8平台','system','PSN01','/ORG01','/管理员','查看','前端提交','127.0.0.1','2022-06-06 18:33:29',0),('55ED6818A917A55DB6843F88D0AE15AB','','/OA系统/人事管理/请假申请','TLv8平台-流程页面','system','PSN01','/ORG01','/管理员','查看','前端提交','127.0.0.1','2022-06-02 13:25:45',0),('57B1C05554E9F3F7CAB7B0B38C215966',NULL,'','','测试人员1','7BA4523D57DB87BE42614FA76B34B122','/3C0D1C2F08132B7EC6A3908BD662928E.ogn/CD92B921EE135105A1D4856539B2D58A.dpt/97DA9DF40D94E4EDD350A1A0DC4C0917.pos','/测试机构/测试部门1/测试岗位1','查看','前端提交','127.0.0.1','2022-06-06 18:39:35',0),('57D5916DDD457F6F535FE01B8CCD02A2','','/OA系统/人事管理/请假申请','TLv8平台-流程页面','system','PSN01','/ORG01','/管理员','查看','前端提交','127.0.0.1','2022-06-02 13:56:30',0),('57DC59A2F889924E0965E6FF5DBC14E1',NULL,'','','测试人员1','7BA4523D57DB87BE42614FA76B34B122','/3C0D1C2F08132B7EC6A3908BD662928E.ogn/CD92B921EE135105A1D4856539B2D58A.dpt/97DA9DF40D94E4EDD350A1A0DC4C0917.pos','/测试机构/测试部门1/测试岗位1','查看','前端提交','127.0.0.1','2022-06-06 18:51:43',0),('584E839F5B49B4F71F595B8D955FFCE6','','/OA系统/人事管理/请假申请','TLv8平台-流程页面','system','PSN01','/ORG01','/管理员','查看','前端提交','127.0.0.1','2022-06-02 12:57:16',0),('587D06CBA52EE5689EF5AC6895805F92','','/OA系统/人事管理/请假申请','TLv8平台-流程页面','system','PSN01','/ORG01','/管理员','查看','前端提交','127.0.0.1','2022-06-02 13:28:08',0),('58CB2006A6A618746405DC908661E822','','/系统管理/组织机构/机构管理','机构管理','system','PSN01','/ORG01','/管理员','查看','前端提交','127.0.0.1','2022-06-02 10:14:02',0),('5940062E665690196125CD04376BB697',NULL,'/OA系统/人事管理/部门审批','TLv8平台-流程页面','system','PSN01','/ORG01','/管理员','查看','前端提交','127.0.0.1','2022-06-09 14:53:07',0),('5A2DCDDC5C1C6030A9615CF8F3268708',NULL,'/OA系统/人事管理/请假申请','TLv8平台-流程页面','system','PSN01','/ORG01','/管理员','查看','前端提交','127.0.0.1','2022-06-06 18:19:21',0),('5AA88F425DCDCDDAE6A85B5028DA0777',NULL,'/系统管理/流程管理/流程监控','流程监控','system','PSN01','/ORG01','/管理员','查看','前端提交','127.0.0.1','2022-06-09 15:11:23',0),('5B32208DEE59966215BC516C6B38A6AC',NULL,'/OA系统/人事管理/部门审批','TLv8平台-流程页面','system','PSN01','/ORG01','/管理员','查看','前端提交','127.0.0.1','2022-06-08 16:49:41',0),('5C17AF3B95EFC1539441AEC342FDE4D5',NULL,'','TLv8平台','测试人员1','7BA4523D57DB87BE42614FA76B34B122','/3C0D1C2F08132B7EC6A3908BD662928E.ogn/CD92B921EE135105A1D4856539B2D58A.dpt/97DA9DF40D94E4EDD350A1A0DC4C0917.pos','/测试机构/测试部门1/测试岗位1','处理任务','前端提交','127.0.0.1','2022-06-06 18:57:58',0),('5C1FAE15C9AE79D3AAC24A950B6A714C',NULL,'/系统管理/流程管理/流程监控','流程监控','system','PSN01','/ORG01','/管理员','查看','前端提交','127.0.0.1','2022-06-09 14:58:21',0),('5CA1561256DC5FF656A5B6BBB0FA5127',NULL,'/系统管理/流程管理/流程监控','流程监控','system','PSN01','/ORG01','/管理员','查看','前端提交','127.0.0.1','2022-06-09 18:08:43',0),('5D7AF5F586E3E417F49E23EEBC1BB230','','','查看流程图、波特图','system','PSN01','/ORG01','/管理员','查看','前端提交','127.0.0.1','2022-06-02 14:38:59',0),('5E0614D7B70A7C873B0431CC45943AAA',NULL,'/OA系统/人事管理/请假申请','TLv8平台-流程页面','测试人员1','7BA4523D57DB87BE42614FA76B34B122','/3C0D1C2F08132B7EC6A3908BD662928E.ogn/CD92B921EE135105A1D4856539B2D58A.dpt/97DA9DF40D94E4EDD350A1A0DC4C0917.pos','/测试机构/测试部门1/测试岗位1','查看','前端提交','127.0.0.1','2022-06-06 18:39:41',0),('5E725D3F8392D963268FEACD076EEDA6',NULL,'/系统管理/流程管理/流程监控','流程监控','system','PSN01','/ORG01','/管理员','查看','前端提交','127.0.0.1','2022-06-09 13:46:13',0),('5EE412DC1387FDC98E1DE872FCA30F1B',NULL,'/系统管理/流程管理/流程监控','流程监控','system','PSN01','/ORG01','/管理员','查看','前端提交','127.0.0.1','2022-06-09 15:32:40',0),('5F8CA84C3F77176A0AE10CF336DC5814',NULL,'','','system','PSN01','/ORG01','/管理员','查看','前端提交','127.0.0.1','2022-06-09 17:55:40',0),('5FD2893757285BA001A2C88DF6B9F0F8','','/OA系统/人事管理/请假申请','TLv8平台-流程页面','system','PSN01','/ORG01','/管理员','查看','前端提交','127.0.0.1','2022-06-02 13:26:12',0),('61E0BC494FCBE806D48A144D3A3A24AF',NULL,'/系统管理/流程管理/流程监控','流程监控','system','PSN01','/ORG01','/管理员','查看','前端提交','127.0.0.1','2022-06-09 11:03:53',0),('61FF4F5D2FD5F0A363AEEFAAE51DA530','','/OA系统/人事管理/请假申请','TLv8平台-流程页面','system','PSN01','/ORG01','/管理员','查看','前端提交','127.0.0.1','2022-06-02 13:07:13',0),('623C70E0AE145311F6580849BD121D71',NULL,'/系统管理/流程管理/流程监控','流程监控','system','PSN01','/ORG01','/管理员','查看','前端提交','127.0.0.1','2022-06-09 18:08:39',0),('62BF6C88DF6633C5A916C81758EE5417',NULL,'','','测试人员1','7BA4523D57DB87BE42614FA76B34B122','/3C0D1C2F08132B7EC6A3908BD662928E.ogn/CD92B921EE135105A1D4856539B2D58A.dpt/97DA9DF40D94E4EDD350A1A0DC4C0917.pos','/测试机构/测试部门1/测试岗位1','查看','前端提交','127.0.0.1','2022-06-06 18:56:54',0),('6326AA68D4B30EF175452BFC5F25F996',NULL,'/系统管理/流程管理/流程监控','流程监控','system','PSN01','/ORG01','/管理员','查看','前端提交','127.0.0.1','2022-06-09 15:21:56',0),('63416158FDA72CAE8A1EEE24FA58AD5D',NULL,'','查看流程图、波特图','system','PSN01','/ORG01','/管理员','查看','前端提交','127.0.0.1','2022-06-09 15:07:40',0),('63568A680212CE6C279C89A6B47B40AC',NULL,'/系统管理/流程管理/流程监控','流程监控','system','PSN01','/ORG01','/管理员','查看','前端提交','127.0.0.1','2022-06-09 14:12:45',0),('639DD0A7FE1C51F04103B8C625B2268E',NULL,'/系统管理/流程管理/流程监控','流程监控','system','PSN01','/ORG01','/管理员','查看','前端提交','127.0.0.1','2022-06-09 16:38:27',0),('63E73FCC8AFAB7E46436F91620B0B9EC','','/OA系统/人事管理/请假申请','TLv8平台-流程页面','system','PSN01','/ORG01','/管理员','查看','前端提交','127.0.0.1','2022-06-02 13:00:18',0),('6439DF267CF9586C56B7D1D9DA8FA9C8',NULL,'/系统管理/流程管理/流程监控','流程监控','system','PSN01','/ORG01','/管理员','查看','前端提交','127.0.0.1','2022-06-09 11:09:59',0),('643F73E6094FB08500C7BA9E21816892','','/OA系统/人事管理/请假申请','TLv8平台-流程页面','system','PSN01','/ORG01','/管理员','查看','前端提交','127.0.0.1','2022-06-02 13:07:22',0),('64DF9065B4DA31FD7B2842D1B6094A88','','/OA系统/人事管理/请假申请','TLv8平台-流程页面','system','PSN01','/ORG01','/管理员','查看','前端提交','127.0.0.1','2022-06-02 13:19:59',0),('654744D39AF12CA3FDC253C47729B326',NULL,'/系统管理/流程管理/流程监控','流程监控','system','PSN01','/ORG01','/管理员','查看','前端提交','127.0.0.1','2022-06-09 13:49:05',0),('654F55BCF8CA72CAC5324E91A5EEB5CD',NULL,'','','测试人员1','7BA4523D57DB87BE42614FA76B34B122','/3C0D1C2F08132B7EC6A3908BD662928E.ogn/CD92B921EE135105A1D4856539B2D58A.dpt/97DA9DF40D94E4EDD350A1A0DC4C0917.pos','/测试机构/测试部门1/测试岗位1','查看','前端提交','127.0.0.1','2022-06-06 18:57:47',0),('65C196DA2B247F5423D9E74C38BAADF1',NULL,'/OA系统/人事管理/请假申请','TLv8平台-流程页面','system','PSN01','/ORG01','/管理员','查看','前端提交','127.0.0.1','2022-06-06 18:32:30',0),('67086595812FF15B8F9F382EFE47175F',NULL,'/系统管理/流程管理/流程监控','流程监控','system','PSN01','/ORG01','/管理员','查看','前端提交','127.0.0.1','2022-06-09 10:52:45',0),('6710AF5BDB231EECA309FEF6A123AE5D','','/OA系统/人事管理/请假申请','TLv8平台-流程页面','system','PSN01','/ORG01','/管理员','查看','前端提交','127.0.0.1','2022-06-02 12:58:59',0),('67FACC5E236503F9241F2769487D9AE5',NULL,'','','测试人员1','7BA4523D57DB87BE42614FA76B34B122','/3C0D1C2F08132B7EC6A3908BD662928E.ogn/CD92B921EE135105A1D4856539B2D58A.dpt/97DA9DF40D94E4EDD350A1A0DC4C0917.pos','/测试机构/测试部门1/测试岗位1','查看','前端提交','127.0.0.1','2022-06-06 19:05:44',0),('684C1DA58E14B2EB967FAEFF32F7633B',NULL,'','TLv8平台','system','PSN01','/ORG01','/管理员','查看','前端提交','127.0.0.1','2022-06-09 13:49:03',0),('68A1CC1CB8B1DF99ED773AE2471B362D',NULL,'/系统管理/流程管理/流程监控','流程监控','system','PSN01','/ORG01','/管理员','查看','前端提交','127.0.0.1','2022-06-09 15:06:35',0),('695F0F805A84C7202116F52574AFF480','','','查看流程图、波特图','system','PSN01','/ORG01','/管理员','查看','前端提交','127.0.0.1','2022-06-02 14:47:50',0),('698B1FEA5C8FE0452EF69E822CA3486F','','/OA系统/人事管理/请假申请','TLv8平台-流程页面','system','PSN01','/ORG01','/管理员','查看','前端提交','127.0.0.1','2022-06-02 11:37:39',0),('69D60801CF385A52FA309A77D7797726',NULL,'','','system','PSN01','/ORG01','/管理员','查看','前端提交','127.0.0.1','2022-06-06 18:30:26',0),('6B10907635C62C79CD3397C30C39D4EB',NULL,'','','system','PSN01','/ORG01','/管理员','查看','前端提交','127.0.0.1','2022-06-09 18:12:07',0),('6B1E0A4B447E7600478D7D88635FBF69',NULL,'/系统管理/流程管理/流程监控','流程监控','system','PSN01','/ORG01','/管理员','查看','前端提交','127.0.0.1','2022-06-09 10:55:29',0),('6BA96E6258250AB84A38BDE4BE4654C8',NULL,'','TLv8平台','system','PSN01','/ORG01','/管理员','查看','前端提交','127.0.0.1','2022-06-06 18:20:13',0),('6C360925F36853B5E3F6693C50FD8CAB','','','查看流程图、波特图','system','PSN01','/ORG01','/管理员','查看','前端提交','127.0.0.1','2022-06-02 14:42:28',0),('6C5C4B3B7B0F4772D668A719F14F0358',NULL,'','','system','PSN01','/ORG01','/管理员','查看','前端提交','127.0.0.1','2022-06-09 17:53:38',0),('6C8B635B9B7E84EB38F7E42A359ECCB5',NULL,'','','测试人员1','7BA4523D57DB87BE42614FA76B34B122','/3C0D1C2F08132B7EC6A3908BD662928E.ogn/CD92B921EE135105A1D4856539B2D58A.dpt/97DA9DF40D94E4EDD350A1A0DC4C0917.pos','/测试机构/测试部门1/测试岗位1','查看','前端提交','127.0.0.1','2022-06-06 18:57:18',0),('6CAE26FA28315E06F694468AD4B27529','','/OA系统/人事管理/请假申请','TLv8平台-流程页面','system','PSN01','/ORG01','/管理员','查看','前端提交','127.0.0.1','2022-06-02 13:28:30',0),('6CE5A549C0DC5328213EC9E502A97A69',NULL,'/OA系统/人事管理/部门审批','TLv8平台-流程页面','system','PSN01','/ORG01','/管理员','查看','前端提交','127.0.0.1','2022-06-08 16:49:51',0),('6CFFB39361A9587F703DC0D292A2D7D0',NULL,'','','测试人员1','7BA4523D57DB87BE42614FA76B34B122','/3C0D1C2F08132B7EC6A3908BD662928E.ogn/CD92B921EE135105A1D4856539B2D58A.dpt/97DA9DF40D94E4EDD350A1A0DC4C0917.pos','/测试机构/测试部门1/测试岗位1','查看','前端提交','127.0.0.1','2022-06-06 18:38:32',0),('6D805D6E2FE03EDC9BF00552ACF922EE',NULL,'','TLv8平台','system','PSN01','/ORG01','/管理员','查看','前端提交','127.0.0.1','2022-06-09 10:16:38',0),('6E0C6E195FB001ECF4E54E60145B8125',NULL,'/系统管理/流程管理/流程监控','流程监控','system','PSN01','/ORG01','/管理员','查看','前端提交','127.0.0.1','2022-06-09 15:40:40',0),('6F254E4500D41D00C701D3F716550EDA','','/OA系统/人事管理/请假申请','TLv8平台-流程页面','system','PSN01','/ORG01','/管理员','查看','前端提交','127.0.0.1','2022-06-02 11:37:07',0),('6F50B17E9E542B12FF5895373FB4828C',NULL,'/系统管理/流程管理/流程监控','流程监控','system','PSN01','/ORG01','/管理员','查看','前端提交','127.0.0.1','2022-06-09 10:33:00',0),('7001DA2420CA1314A5B3C09A5CB09EAC',NULL,'','查看流程图、波特图','system','PSN01','/ORG01','/管理员','查看','前端提交','127.0.0.1','2022-06-09 18:14:14',0),('70E8B550990FBCC0B21D4978D72EAA03',NULL,'','','system','PSN01','/ORG01','/管理员','查看','前端提交','127.0.0.1','2022-06-09 17:56:33',0),('71569F8D88965665101898CCEC43BA34',NULL,'','TLv8平台','system','PSN01','/ORG01','/管理员','查看','前端提交','127.0.0.1','2022-06-06 18:19:18',0),('7161928D53DF73188C1A510B80D59B29',NULL,'/OA系统/人事管理/请假申请','TLv8平台-流程页面','测试人员1','7BA4523D57DB87BE42614FA76B34B122','/3C0D1C2F08132B7EC6A3908BD662928E.ogn/CD92B921EE135105A1D4856539B2D58A.dpt/97DA9DF40D94E4EDD350A1A0DC4C0917.pos','/测试机构/测试部门1/测试岗位1','查看','前端提交','127.0.0.1','2022-06-06 19:02:35',0),('71981CC1F7A3FD8EDC32CE6C816ED648',NULL,'','','测试人员1','7BA4523D57DB87BE42614FA76B34B122','/3C0D1C2F08132B7EC6A3908BD662928E.ogn/CD92B921EE135105A1D4856539B2D58A.dpt/97DA9DF40D94E4EDD350A1A0DC4C0917.pos','/测试机构/测试部门1/测试岗位1','查看','前端提交','127.0.0.1','2022-06-06 18:39:13',0),('71EB8F13C0739888D684AC8522654693',NULL,'','','system','PSN01','/ORG01','/管理员','查看','前端提交','127.0.0.1','2022-06-09 17:54:38',0),('721ED203DCBA017279A84266AB82D624','','/OA系统/人事管理/请假申请','TLv8平台-流程页面','system','PSN01','/ORG01','/管理员','查看','前端提交','127.0.0.1','2022-06-02 13:06:11',0),('72ADD7BCB604EB0173079F1F0FFD2451',NULL,'/OA系统/人事管理/请假申请','TLv8平台-流程页面','测试人员1','7BA4523D57DB87BE42614FA76B34B122','/3C0D1C2F08132B7EC6A3908BD662928E.ogn/CD92B921EE135105A1D4856539B2D58A.dpt/97DA9DF40D94E4EDD350A1A0DC4C0917.pos','/测试机构/测试部门1/测试岗位1','查看','前端提交','127.0.0.1','2022-06-06 19:03:09',0),('72C6C470ABCE32069876CB01136BDF4F',NULL,'/OA系统/人事管理/请假申请','TLv8平台-流程页面','system','PSN01','/ORG01','/管理员','查看','前端提交','127.0.0.1','2022-06-06 18:20:11',0),('7314C69FBC5FFDFD1D2857A830E248B1','','/系统管理/组织机构/角色管理','角色管理','system','PSN01','/ORG01','/管理员','查看','前端提交','127.0.0.1','2022-06-02 10:18:45',0),('7344620FB521A024FE45F8784862843A',NULL,'','查看流程图、波特图','system','PSN01','/ORG01','/管理员','查看','前端提交','127.0.0.1','2022-06-09 16:39:05',0),('73540DB2B6A405799C259509927B9C88','','/系统管理/组织机构/授权管理','授权管理','system','PSN01','/ORG01','/管理员','查看','前端提交','127.0.0.1','2022-06-02 10:18:46',0),('7357D89090BF871E65BE2E2BD55CB6BE','','/OA系统/人事管理/请假申请','TLv8平台-流程页面','system','PSN01','/ORG01','/管理员','查看','前端提交','127.0.0.1','2022-06-02 12:59:59',0),('7406C54FAE2662F141AF72CB84B70A71',NULL,'','','测试人员1','7BA4523D57DB87BE42614FA76B34B122','/3C0D1C2F08132B7EC6A3908BD662928E.ogn/CD92B921EE135105A1D4856539B2D58A.dpt/97DA9DF40D94E4EDD350A1A0DC4C0917.pos','/测试机构/测试部门1/测试岗位1','查看','前端提交','127.0.0.1','2022-06-06 18:39:10',0),('7461F986315A05E26DFB39527B37B66F',NULL,'/系统管理/流程管理/流程监控','流程监控','system','PSN01','/ORG01','/管理员','查看','前端提交','127.0.0.1','2022-06-09 18:12:00',0),('7509719DCC8A65DC77E5FAFFF933F126','','/OA系统/人事管理/请假申请','TLv8平台-流程页面','system','PSN01','/ORG01','/管理员','查看','前端提交','127.0.0.1','2022-06-02 13:03:45',0),('75A5D10960BDF7794D73E4F4E690BECE','','/OA系统/人事管理/请假申请','TLv8平台-流程页面','system','PSN01','/ORG01','/管理员','查看','前端提交','127.0.0.1','2022-06-02 13:21:46',0),('75ECC01DA18287D7273F7EA0A6BF8062',NULL,'/系统管理/流程管理/流程监控','流程监控','system','PSN01','/ORG01','/管理员','查看','前端提交','127.0.0.1','2022-06-09 16:36:15',0),('76152AD129C7A257D20F53248EB533DC',NULL,'','TLv8平台','system','PSN01','/ORG01','/管理员','处理任务','前端提交','127.0.0.1','2022-06-09 16:38:17',0),('766EAFE34A24A765BF1E37A87D1FFA71',NULL,'','查看流程图、波特图','system','PSN01','/ORG01','/管理员','查看','前端提交','127.0.0.1','2022-06-09 15:01:56',0),('76AF4F61F7F7666CDD094D9C0FF4C705','','','查看流程图、波特图','system','PSN01','/ORG01','/管理员','查看','前端提交','127.0.0.1','2022-06-02 14:42:58',0),('76D855C076418BFB891D4A1C6B4BC3C3',NULL,'','','system','PSN01','/ORG01','/管理员','查看','前端提交','127.0.0.1','2022-06-09 17:54:44',0),('76ED6E0B6C49317629E8B868738C3A49',NULL,'','查看流程图、波特图','system','PSN01','/ORG01','/管理员','查看','前端提交','127.0.0.1','2022-06-09 15:07:37',0),('7721D6E070EC58A1236BDC805887C2F9',NULL,'','TLv8平台','system','PSN01','/ORG01','/管理员','查看','前端提交','127.0.0.1','2022-06-06 18:19:32',0),('78B04E1ACE477428D8C1D033BAE42840',NULL,'','查看流程图、波特图','system','PSN01','/ORG01','/管理员','查看','前端提交','127.0.0.1','2022-06-09 16:42:14',0),('78C0F1EF5C265E3534B77A96935092E9',NULL,'/系统管理/流程管理/流程监控','流程监控','system','PSN01','/ORG01','/管理员','查看','前端提交','127.0.0.1','2022-06-09 14:21:14',0),('79145D8962F927856D518756B7F1D5C1',NULL,'/系统管理/流程管理/流程监控','流程监控','system','PSN01','/ORG01','/管理员','查看','前端提交','127.0.0.1','2022-06-09 18:13:06',0),('7923C0BF679302A1A8D2E84BD36A0059',NULL,'','TLv8平台','system','PSN01','/ORG01','/管理员','查看','前端提交','127.0.0.1','2022-06-09 10:22:30',0),('79A3FB13230D51668DBAF93C55DF4C87','','/OA系统/人事管理/请假申请','TLv8平台-流程页面','system','PSN01','/ORG01','/管理员','查看','前端提交','127.0.0.1','2022-06-02 11:39:12',0),('7AAAA9AE4C5FE54011C41D5DB5A03DC8',NULL,'/OA系统/人事管理/请假申请','TLv8平台-流程页面','system','PSN01','/ORG01','/管理员','查看','前端提交','127.0.0.1','2022-06-09 15:07:24',0),('7B1280B660F6CA6A4AB768008788DDEF','','','查看流程图、波特图','system','PSN01','/ORG01','/管理员','查看','前端提交','127.0.0.1','2022-06-02 14:32:13',0),('7B2432379B66D06B4FD2A6E14FB6D110',NULL,'','查看流程图、波特图','system','PSN01','/ORG01','/管理员','查看','前端提交','127.0.0.1','2022-06-08 16:50:02',0),('7B576B33BA1E40AD1D0EF64F76319F29',NULL,'/系统管理/流程管理/流程监控','流程监控','system','PSN01','/ORG01','/管理员','查看','前端提交','127.0.0.1','2022-06-09 14:30:42',0),('7BC3C32CB0D10DD47458CCD758A24882','','/OA系统/人事管理/请假申请','TLv8平台-流程页面','system','PSN01','/ORG01','/管理员','查看','前端提交','127.0.0.1','2022-06-02 12:51:36',0),('7BDD6FF295A3B2DF665F562AAB9FD43C',NULL,'/系统管理/流程管理/流程监控','流程监控','system','PSN01','/ORG01','/管理员','查看','前端提交','127.0.0.1','2022-06-09 15:35:59',0),('7C5D8D9DDA809493639A518992852156','','/OA系统/人事管理/请假申请','TLv8平台-流程页面','system','PSN01','/ORG01','/管理员','查看','前端提交','127.0.0.1','2022-06-02 13:26:23',0),('7D21680EB0DA0D8E8FA70E1F4C969B17',NULL,'','','测试人员1','7BA4523D57DB87BE42614FA76B34B122','/3C0D1C2F08132B7EC6A3908BD662928E.ogn/CD92B921EE135105A1D4856539B2D58A.dpt/97DA9DF40D94E4EDD350A1A0DC4C0917.pos','/测试机构/测试部门1/测试岗位1','处理任务','前端提交','127.0.0.1','2022-06-06 19:03:57',0),('7D65102F780D1B56458A4056FB207A76',NULL,'','','system','PSN01','/ORG01','/管理员','查看','前端提交','127.0.0.1','2022-06-06 18:28:51',0),('7DD016E9F7D7F172A5B25A58BCB358C6','','/OA系统/人事管理/请假申请','TLv8平台-流程页面','system','PSN01','/ORG01','/管理员','查看','前端提交','127.0.0.1','2022-06-02 11:34:52',0),('7DE3098A367B7FF2B8C2A3318B6BEED9',NULL,'/OA系统/人事管理/请假申请','TLv8平台-流程页面','测试人员1','7BA4523D57DB87BE42614FA76B34B122','/3C0D1C2F08132B7EC6A3908BD662928E.ogn/CD92B921EE135105A1D4856539B2D58A.dpt/97DA9DF40D94E4EDD350A1A0DC4C0917.pos','/测试机构/测试部门1/测试岗位1','查看','前端提交','127.0.0.1','2022-06-06 19:01:41',0),('7E208B57763D8BB762FD1885E247B975',NULL,'','','测试人员1','7BA4523D57DB87BE42614FA76B34B122','/3C0D1C2F08132B7EC6A3908BD662928E.ogn/CD92B921EE135105A1D4856539B2D58A.dpt/97DA9DF40D94E4EDD350A1A0DC4C0917.pos','/测试机构/测试部门1/测试岗位1','查看','前端提交','127.0.0.1','2022-06-06 18:39:11',0),('7EC4EF671B27445D90C37DE7529EFE16','','','','system','PSN01','/ORG01','/管理员','查看','前端提交','127.0.0.1','2022-06-02 14:34:54',0),('7EE5FA223C7DC2C94D87C314F7DFAC7E',NULL,'','TLv8平台','测试人员1','7BA4523D57DB87BE42614FA76B34B122','/3C0D1C2F08132B7EC6A3908BD662928E.ogn/CD92B921EE135105A1D4856539B2D58A.dpt/97DA9DF40D94E4EDD350A1A0DC4C0917.pos','/测试机构/测试部门1/测试岗位1','查看','前端提交','127.0.0.1','2022-06-06 18:51:33',0),('7FB63236B2E9325566363AC9C5FFA6F9',NULL,'','TLv8平台','system','PSN01','/ORG01','/管理员','处理任务','前端提交','127.0.0.1','2022-06-09 17:15:53',0),('7FC12E15E73FFB922CE410E99FD0B7BF','','/OA系统/人事管理/请假申请','TLv8平台-流程页面','system','PSN01','/ORG01','/管理员','查看','前端提交','127.0.0.1','2022-06-02 13:27:55',0),('7FC30EE7A2F35A0FACD63FBB02F1EC3D',NULL,'','查看流程图、波特图','system','PSN01','/ORG01','/管理员','查看','前端提交','127.0.0.1','2022-06-09 15:38:40',0),('7FCA27DCA6C372CB4A6B814B04770A70',NULL,'','','测试人员1','7BA4523D57DB87BE42614FA76B34B122','/3C0D1C2F08132B7EC6A3908BD662928E.ogn/CD92B921EE135105A1D4856539B2D58A.dpt/97DA9DF40D94E4EDD350A1A0DC4C0917.pos','/测试机构/测试部门1/测试岗位1','查看','前端提交','127.0.0.1','2022-06-06 18:51:27',0),('8071180EC610A957AA521C94610F75CE','','/系统管理/流程管理/流程设计','流程设计','system','PSN01','/ORG01','/管理员','查看','前端提交','127.0.0.1','2022-06-02 13:03:08',0),('808E97E620B6EDEF19C7E61F719E335F','','/系统管理/流程管理/流程设计','流程设计','system','PSN01','/ORG01','/管理员','查看','前端提交','127.0.0.1','2022-06-02 10:19:17',0),('818DD0DE7A5B43222AB779FE6450AAFB',NULL,'/系统管理/流程管理/流程监控','流程监控','system','PSN01','/ORG01','/管理员','查看','前端提交','127.0.0.1','2022-06-09 14:21:59',0),('81C7A9D224B40C3B47704471248C143F',NULL,'/系统管理/流程管理/流程监控','流程监控','system','PSN01','/ORG01','/管理员','查看','前端提交','127.0.0.1','2022-06-09 18:13:11',0),('8258747C7577CCA3D2B1269FE085CD90','','/OA系统/人事管理/请假申请','TLv8平台-流程页面','system','PSN01','/ORG01','/管理员','查看','前端提交','127.0.0.1','2022-06-02 14:35:38',0),('827A18AE85321DED93986CA78CFE1359','','/OA系统/人事管理/请假申请','TLv8平台-流程页面','system','PSN01','/ORG01','/管理员','查看','前端提交','127.0.0.1','2022-06-02 13:55:51',0),('82EB452170B29724BC302BC39F68E6B8','','/OA系统/人事管理/请假申请','TLv8平台-流程页面','system','PSN01','/ORG01','/管理员','查看','前端提交','127.0.0.1','2022-06-02 13:29:43',0),('839FFE19D1FB6CDA3FF1DDA23117550C','','','查看流程图、波特图','system','PSN01','/ORG01','/管理员','查看','前端提交','127.0.0.1','2022-06-02 14:33:48',0),('83CA49913BD1B6C6591D64169245C0D5',NULL,'/系统管理/流程管理/流程监控','流程监控','system','PSN01','/ORG01','/管理员','查看','前端提交','127.0.0.1','2022-06-09 15:19:39',0),('84193DF9347F45A5A0CCE26BA97141A7',NULL,'/OA系统/人事管理/请假申请','TLv8平台-流程页面','测试人员1','7BA4523D57DB87BE42614FA76B34B122','/3C0D1C2F08132B7EC6A3908BD662928E.ogn/CD92B921EE135105A1D4856539B2D58A.dpt/97DA9DF40D94E4EDD350A1A0DC4C0917.pos','/测试机构/测试部门1/测试岗位1','查看','前端提交','127.0.0.1','2022-06-06 18:39:24',0),('843663E70EB8132A7085E03F0D4A42EF',NULL,'/系统管理/流程管理/流程监控','流程监控','system','PSN01','/ORG01','/管理员','查看','前端提交','127.0.0.1','2022-06-09 14:26:57',0),('849DC3ADEC8CBEE62B4A1C137C5B1211',NULL,'/OA系统/人事管理/请假申请','TLv8平台-流程页面','测试人员1','7BA4523D57DB87BE42614FA76B34B122','/3C0D1C2F08132B7EC6A3908BD662928E.ogn/CD92B921EE135105A1D4856539B2D58A.dpt/97DA9DF40D94E4EDD350A1A0DC4C0917.pos','/测试机构/测试部门1/测试岗位1','查看','前端提交','127.0.0.1','2022-06-06 18:57:36',0),('84DEBD65F17642A81D477B8DBEC3364D','','/系统管理/组织机构/机构管理','机构管理','system','PSN01','/ORG01','/管理员','查看','前端提交','127.0.0.1','2022-06-02 10:12:40',0),('854600AE56F06BC13DD2CF119DDD911E','','/OA系统/人事管理/请假申请','TLv8平台-流程页面','system','PSN01','/ORG01','/管理员','查看','前端提交','127.0.0.1','2022-06-02 12:51:40',0),('8584FF2329F26303014580B3F7BD88A2',NULL,'','查看流程图、波特图','system','PSN01','/ORG01','/管理员','查看','前端提交','127.0.0.1','2022-06-09 15:37:58',0),('85C4F9F573A558A1CCDA292ABF0BDB1E',NULL,'/系统管理/流程管理/流程监控','流程监控','system','PSN01','/ORG01','/管理员','查看','前端提交','127.0.0.1','2022-06-09 10:51:58',0),('8602AC568AF6BE21CB9855A27020CBB2',NULL,'/系统管理/流程管理/流程监控','流程监控','system','PSN01','/ORG01','/管理员','查看','前端提交','127.0.0.1','2022-06-09 10:37:56',0),('8731E2995F277E888B8195018236768B','','/OA系统/人事管理/请假申请','TLv8平台-流程页面','system','PSN01','/ORG01','/管理员','查看','前端提交','127.0.0.1','2022-06-02 13:08:27',0),('87A15A0B2CF0227240EF6F3D03D7162F','','','查看流程图、波特图','system','PSN01','/ORG01','/管理员','查看','前端提交','127.0.0.1','2022-06-02 15:01:39',0),('87ACEAE0298E7B12A56C0D78AA66D48A',NULL,'','','测试人员1','7BA4523D57DB87BE42614FA76B34B122','/3C0D1C2F08132B7EC6A3908BD662928E.ogn/CD92B921EE135105A1D4856539B2D58A.dpt/97DA9DF40D94E4EDD350A1A0DC4C0917.pos','/测试机构/测试部门1/测试岗位1','查看','前端提交','127.0.0.1','2022-06-06 18:51:30',0),('88DA60FB46CD7346266378017C7098C7',NULL,'','查看流程图、波特图','system','PSN01','/ORG01','/管理员','查看','前端提交','127.0.0.1','2022-06-09 15:37:48',0),('891A979D6A42D61FD30EAE9C54A57C83','','/OA系统/人事管理/请假申请','TLv8平台-流程页面','system','PSN01','/ORG01','/管理员','查看','前端提交','127.0.0.1','2022-06-02 11:47:43',0),('89573078D1EC583A3670B461947F7B29','','','查看流程图、波特图','system','PSN01','/ORG01','/管理员','查看','前端提交','127.0.0.1','2022-06-02 14:42:13',0),('89715FA85125F7F3B172CAF80344110C',NULL,'/OA系统/人事管理/请假申请','TLv8平台-流程页面','测试人员1','7BA4523D57DB87BE42614FA76B34B122','/3C0D1C2F08132B7EC6A3908BD662928E.ogn/CD92B921EE135105A1D4856539B2D58A.dpt/97DA9DF40D94E4EDD350A1A0DC4C0917.pos','/测试机构/测试部门1/测试岗位1','查看','前端提交','127.0.0.1','2022-06-06 18:39:06',0),('8A33C2735CFF29CC015DD4EA3E83A55E',NULL,'/OA系统/人事管理/请假申请','TLv8平台-流程页面','system','PSN01','/ORG01','/管理员','查看','前端提交','127.0.0.1','2022-06-09 10:22:32',0),('8A60CDA6DCA1ECD56753760FAE6832E6',NULL,'/系统管理/流程管理/流程监控','流程监控','system','PSN01','/ORG01','/管理员','查看','前端提交','127.0.0.1','2022-06-09 15:11:24',0),('8AC13CFED956228F3A5910B8067AA6E2','','','查看流程图、波特图','system','PSN01','/ORG01','/管理员','查看','前端提交','127.0.0.1','2022-06-02 14:37:49',0),('8B11B372E3CCA0C9CEA8C9E2648BD6C6','','','查看流程图、波特图','system','PSN01','/ORG01','/管理员','查看','前端提交','127.0.0.1','2022-06-02 14:55:19',0),('8C6984A58C8DC0F50846984FEE403DCA','','/OA系统/人事管理/请假申请','TLv8平台-流程页面','system','PSN01','/ORG01','/管理员','查看','前端提交','127.0.0.1','2022-06-02 13:13:59',0),('8D04037155D724059BF32996E8B53CA8',NULL,'','','测试人员1','7BA4523D57DB87BE42614FA76B34B122','/3C0D1C2F08132B7EC6A3908BD662928E.ogn/CD92B921EE135105A1D4856539B2D58A.dpt/97DA9DF40D94E4EDD350A1A0DC4C0917.pos','/测试机构/测试部门1/测试岗位1','查看','前端提交','127.0.0.1','2022-06-06 18:53:33',0),('8D344FB9E3715B8E4E3F5FB899859642','','/OA系统/人事管理/请假申请','TLv8平台-流程页面','system','PSN01','/ORG01','/管理员','查看','前端提交','127.0.0.1','2022-06-02 13:44:57',0),('8D39EC98F0552DFD82ACECA2BFE221AF',NULL,'/OA系统/人事管理/请假申请','TLv8平台-流程页面','system','PSN01','/ORG01','/管理员','查看','前端提交','127.0.0.1','2022-06-09 10:18:55',0),('8D43571DB77A51C8499EEE276241C2FB',NULL,'/系统管理/流程管理/流程监控','流程监控','system','PSN01','/ORG01','/管理员','查看','前端提交','127.0.0.1','2022-06-09 10:44:06',0),('8DF08A7637E34F9F2516B437147476D5','','/OA系统/人事管理/请假申请','TLv8平台-流程页面','system','PSN01','/ORG01','/管理员','查看','前端提交','127.0.0.1','2022-06-02 11:54:10',0),('8E87A9325637D88AFF3A4D58798009A4',NULL,'','','system','PSN01','/ORG01','/管理员','查看','前端提交','127.0.0.1','2022-06-09 18:12:03',0),('8E9C1A4F2024A5D75CCE40A74DA9D588',NULL,'','查看流程图、波特图','system','PSN01','/ORG01','/管理员','查看','前端提交','127.0.0.1','2022-06-09 16:38:20',0),('8E9FB6344FD1ABA664D38D771AEB64A1','','','查看流程图、波特图','system','PSN01','/ORG01','/管理员','查看','前端提交','127.0.0.1','2022-06-02 14:13:51',0),('8EB545B7E537A6CC045FD13DE316B7D9',NULL,'/系统管理/流程管理/流程监控','流程监控','system','PSN01','/ORG01','/管理员','查看','前端提交','127.0.0.1','2022-06-09 15:35:07',0),('8EC86818820D7DAB7C0F22002FC1DB5A',NULL,'/系统管理/流程管理/流程监控','流程监控','system','PSN01','/ORG01','/管理员','查看','前端提交','127.0.0.1','2022-06-09 11:01:32',0),('8F561A0E454929BC6909A10635FA743C',NULL,'/系统管理/流程管理/流程监控','流程监控','system','PSN01','/ORG01','/管理员','查看','前端提交','127.0.0.1','2022-06-09 14:22:26',0),('9013689EA3548D27B31EC0720D49F1C8',NULL,'','','测试人员1','7BA4523D57DB87BE42614FA76B34B122','/3C0D1C2F08132B7EC6A3908BD662928E.ogn/CD92B921EE135105A1D4856539B2D58A.dpt/97DA9DF40D94E4EDD350A1A0DC4C0917.pos','/测试机构/测试部门1/测试岗位1','查看','前端提交','127.0.0.1','2022-06-06 18:39:02',0),('903CA474193145C67755771B734B80E7',NULL,'/系统管理/流程管理/流程监控','流程监控','system','PSN01','/ORG01','/管理员','查看','前端提交','127.0.0.1','2022-06-09 14:25:15',0),('90AA1FAC7FEA13E2E1844E7F6665A615',NULL,'/系统管理/流程管理/流程监控','流程监控','system','PSN01','/ORG01','/管理员','查看','前端提交','127.0.0.1','2022-06-09 10:34:58',0),('90DFFD55A415AED952B4B99118EF5182',NULL,'','TLv8平台','system','PSN01','/ORG01','/管理员','处理任务','前端提交','127.0.0.1','2022-06-09 13:49:00',0),('9102FF4A0EC5644E94F07C9A27A055B5',NULL,'/系统管理/流程管理/流程监控','流程监控','system','PSN01','/ORG01','/管理员','查看','前端提交','127.0.0.1','2022-06-09 16:24:53',0),('9175A822DCF5AA8FDBDF520136387269',NULL,'/系统管理/流程管理/流程监控','流程监控','system','PSN01','/ORG01','/管理员','查看','前端提交','127.0.0.1','2022-06-09 15:23:44',0),('925739A94E043E28A4EEB97D69107663',NULL,'/系统管理/流程管理/流程监控','流程监控','system','PSN01','/ORG01','/管理员','查看','前端提交','127.0.0.1','2022-06-09 10:33:42',0),('9296DD37F4AE97D7D9CE9745A71280D8',NULL,'/OA系统/人事管理/请假申请','TLv8平台-流程页面','system','PSN01','/ORG01','/管理员','查看','前端提交','127.0.0.1','2022-06-06 18:19:35',0),('92CB591715895000BFA8241B4C488F70',NULL,'/OA系统/人事管理/请假申请','TLv8平台-流程页面','测试人员1','7BA4523D57DB87BE42614FA76B34B122','/3C0D1C2F08132B7EC6A3908BD662928E.ogn/CD92B921EE135105A1D4856539B2D58A.dpt/97DA9DF40D94E4EDD350A1A0DC4C0917.pos','/测试机构/测试部门1/测试岗位1','查看','前端提交','127.0.0.1','2022-06-06 18:39:20',0),('93CBC1641B03EB078FA2E93C4DD8DDAB','','/OA系统/人事管理/请假申请','TLv8平台-流程页面','system','PSN01','/ORG01','/管理员','查看','前端提交','127.0.0.1','2022-06-02 13:59:55',0),('93D7D9B34F06A64CA6E163F847024704',NULL,'/系统管理/流程管理/流程设计','流程设计','system','PSN01','/ORG01','/管理员','查看','前端提交','127.0.0.1','2022-06-09 17:28:32',0),('94181D85AC5D4BB96A99501850FC93CE',NULL,'','','测试人员1','7BA4523D57DB87BE42614FA76B34B122','/3C0D1C2F08132B7EC6A3908BD662928E.ogn/CD92B921EE135105A1D4856539B2D58A.dpt/97DA9DF40D94E4EDD350A1A0DC4C0917.pos','/测试机构/测试部门1/测试岗位1','查看','前端提交','127.0.0.1','2022-06-06 18:39:08',0),('9438B1FC66EEE51EF3A3977045B50F2D','','/系统管理/系统工具/在线用户','在线用户','system','PSN01','/ORG01','/管理员','查看','前端提交','127.0.0.1','2022-06-02 10:19:06',0),('94600A2D7C413FBBADB7F373D3DFE3D7','','/OA系统/人事管理/请假申请','TLv8平台-流程页面','system','PSN01','/ORG01','/管理员','查看','前端提交','127.0.0.1','2022-06-02 13:10:35',0),('946FF52AA8B66A291CB507C80D73AAC9',NULL,'/系统管理/流程管理/流程监控','流程监控','system','PSN01','/ORG01','/管理员','查看','前端提交','127.0.0.1','2022-06-09 10:47:02',0),('94EB48E0F37D6154F4B5A2C6388D3AD7','','','查看流程图、波特图','system','PSN01','/ORG01','/管理员','查看','前端提交','127.0.0.1','2022-06-02 14:13:46',0),('9563829412626C8AA5F9DD45CF1203A5','','/OA系统/人事管理/请假申请','TLv8平台-流程页面','system','PSN01','/ORG01','/管理员','查看','前端提交','127.0.0.1','2022-06-02 13:34:57',0),('95D46D36404C0D20E38C581998B3C65D',NULL,'','查看流程图、波特图','system','PSN01','/ORG01','/管理员','查看','前端提交','127.0.0.1','2022-06-09 15:01:59',0),('971565954D0C5CC815A6FB1DA6D4D9E3','','/OA系统/人事管理/请假申请','TLv8平台-流程页面','system','PSN01','/ORG01','/管理员','查看','前端提交','127.0.0.1','2022-06-02 13:01:13',0),('978C043C7427DA2E8D84DA29A309C5FF',NULL,'','TLv8平台','测试人员1','7BA4523D57DB87BE42614FA76B34B122','/3C0D1C2F08132B7EC6A3908BD662928E.ogn/CD92B921EE135105A1D4856539B2D58A.dpt/97DA9DF40D94E4EDD350A1A0DC4C0917.pos','/测试机构/测试部门1/测试岗位1','查看','前端提交','127.0.0.1','2022-06-06 18:57:50',0),('97DFC509B2EAA86A6DD58E5BABF43670','','/OA系统/人事管理/请假申请','TLv8平台-流程页面','system','PSN01','/ORG01','/管理员','查看','前端提交','127.0.0.1','2022-06-02 13:37:00',0),('98357C2005A8E0868FE808839E02402F','','/系统管理/组织机构/角色管理','角色管理','system','PSN01','/ORG01','/管理员','查看','前端提交','127.0.0.1','2022-06-02 10:12:43',0),('984EA66E1A1BACD86B378ED676F81972',NULL,'/系统管理/流程管理/流程监控','流程监控','system','PSN01','/ORG01','/管理员','查看','前端提交','127.0.0.1','2022-06-09 14:47:25',0),('99695290FD0777A2BF6A3E262AE7003A',NULL,'','TLv8平台','system','PSN01','/ORG01','/管理员','处理任务','前端提交','127.0.0.1','2022-06-09 10:16:34',0),('996F1EBF5055DEA4639274FCEC0ED15C',NULL,'/系统管理/流程管理/流程监控','流程监控','system','PSN01','/ORG01','/管理员','查看','前端提交','127.0.0.1','2022-06-09 10:58:08',0),('999B19503F1D16B47DBF5788096113D2',NULL,'/OA系统/人事管理/请假申请','TLv8平台-流程页面','system','PSN01','/ORG01','/管理员','查看','前端提交','127.0.0.1','2022-06-09 10:16:35',0),('99B38937D411B9C079C67FEECD282ABF',NULL,'/系统管理/流程管理/流程监控','流程监控','system','PSN01','/ORG01','/管理员','查看','前端提交','127.0.0.1','2022-06-09 10:57:55',0),('9A04D9C0F8E4C2551E554384E7608FD7','','/OA系统/人事管理/请假申请','TLv8平台-流程页面','system','PSN01','/ORG01','/管理员','查看','前端提交','127.0.0.1','2022-06-02 13:30:43',0),('9A9EE4016A59E91567B35A9CF561C21F',NULL,'/OA系统/人事管理/部门审批','TLv8平台-流程页面','system','PSN01','/ORG01','/管理员','查看','前端提交','127.0.0.1','2022-06-09 13:48:33',0),('9B2F5AB6008BE7894FEBA7DA12AAE607','','/系统管理/组织机构/回收站','TLv8平台','system','PSN01','/ORG01','/管理员','查看','前端提交','127.0.0.1','2022-06-02 13:03:20',0),('9B5EF3372FA79C66E7AA9776EFE1C806',NULL,'/系统管理/流程管理/流程监控','流程监控','system','PSN01','/ORG01','/管理员','查看','前端提交','127.0.0.1','2022-06-09 17:15:46',0),('9B77C449A75FF4B8211AF0368A4FF68B',NULL,'','','测试人员1','7BA4523D57DB87BE42614FA76B34B122','/3C0D1C2F08132B7EC6A3908BD662928E.ogn/CD92B921EE135105A1D4856539B2D58A.dpt/97DA9DF40D94E4EDD350A1A0DC4C0917.pos','/测试机构/测试部门1/测试岗位1','查看','前端提交','127.0.0.1','2022-06-06 19:03:55',0),('9B7E88E63C0DAEB0FF1F360C7BE16D0F',NULL,'/系统管理/流程管理/流程监控','流程监控','system','PSN01','/ORG01','/管理员','查看','前端提交','127.0.0.1','2022-06-09 15:15:09',0),('9BC2C3CDB738115C5D8490A80C94B8FE','','/系统管理/流程管理/流程设计','流程设计','system','PSN01','/ORG01','/管理员','查看','前端提交','127.0.0.1','2022-06-02 14:34:52',0),('9BD39562928A314593FE4E8262047321',NULL,'/OA系统/人事管理/请假申请','TLv8平台-流程页面','测试人员1','7BA4523D57DB87BE42614FA76B34B122','/3C0D1C2F08132B7EC6A3908BD662928E.ogn/CD92B921EE135105A1D4856539B2D58A.dpt/97DA9DF40D94E4EDD350A1A0DC4C0917.pos','/测试机构/测试部门1/测试岗位1','查看','前端提交','127.0.0.1','2022-06-06 19:04:58',0),('9C4B36D19BCC6C74DBE85FC370AA90E3',NULL,'/系统管理/流程管理/流程监控','流程监控','system','PSN01','/ORG01','/管理员','查看','前端提交','127.0.0.1','2022-06-09 10:36:21',0),('9CA66A468EF0E69FF6BA251B63AEB556','','/OA系统/人事管理/请假申请','TLv8平台-流程页面','system','PSN01','/ORG01','/管理员','查看','前端提交','127.0.0.1','2022-06-02 11:41:02',0),('9D02805090A8A975A54017363403D679','','/OA系统/人事管理/请假申请','TLv8平台-流程页面','system','PSN01','/ORG01','/管理员','查看','前端提交','127.0.0.1','2022-06-02 13:26:53',0),('9D082A8D7A61A2296A2615526835D5B5',NULL,'','','测试人员1','7BA4523D57DB87BE42614FA76B34B122','/3C0D1C2F08132B7EC6A3908BD662928E.ogn/CD92B921EE135105A1D4856539B2D58A.dpt/97DA9DF40D94E4EDD350A1A0DC4C0917.pos','/测试机构/测试部门1/测试岗位1','查看','前端提交','127.0.0.1','2022-06-06 19:01:38',0),('9D12E97FFD1BDE3DE83432D6F940538F','','/系统管理/组织机构/角色管理','角色管理','system','PSN01','/ORG01','/管理员','查看','前端提交','127.0.0.1','2022-06-02 11:25:50',0),('9DD75F4C260FAAC8E2465EB43403C342',NULL,'','TLv8平台','system','PSN01','/ORG01','/管理员','查看','前端提交','127.0.0.1','2022-06-09 14:08:10',0),('9DF4534A2A87FD8AF15A8A43D9261B3B',NULL,'/系统管理/流程管理/流程监控','流程监控','system','PSN01','/ORG01','/管理员','查看','前端提交','127.0.0.1','2022-06-09 15:38:31',0),('9E11117AFA91F8B21BDE83F548301378','','','查看流程图、波特图','system','PSN01','/ORG01','/管理员','查看','前端提交','127.0.0.1','2022-06-02 14:56:48',0),('9E231D46B71528DB3B95FC5AAFB87557',NULL,'','TLv8平台','system','PSN01','/ORG01','/管理员','处理任务','前端提交','127.0.0.1','2022-06-09 18:15:10',0),('9E711205FD0F4C8109811DBF8D702FB8',NULL,'/系统管理/流程管理/流程监控','流程监控','system','PSN01','/ORG01','/管理员','查看','前端提交','127.0.0.1','2022-06-09 10:36:23',0),('9EA624174ED8E0EAAE418556AA74F8F2','','/OA系统/人事管理/请假申请','TLv8平台-流程页面','system','PSN01','/ORG01','/管理员','查看','前端提交','127.0.0.1','2022-06-02 13:35:25',0),('9EAD1459E3CAD8B1F175438F8C244FD8','','/OA系统/人事管理/请假申请','TLv8平台-流程页面','system','PSN01','/ORG01','/管理员','查看','前端提交','127.0.0.1','2022-06-02 11:34:05',0),('9F79EEB41EF44CF6A4F4590A048C436F','','/OA系统/人事管理/请假申请','TLv8平台-流程页面','system','PSN01','/ORG01','/管理员','查看','前端提交','127.0.0.1','2022-06-02 13:40:23',0),('A03020B40E5BB43F3941468BE699694F','','/系统管理/系统工具/操作日志','操作日志','system','PSN01','/ORG01','/管理员','查看','前端提交','127.0.0.1','2022-06-02 13:03:34',0),('A06EDE696E1E211E4F26419F5CA1A96A','','/系统管理/组织机构/回收站','TLv8平台','system','PSN01','/ORG01','/管理员','查看','前端提交','127.0.0.1','2022-06-02 10:18:48',0),('A0901FB4CD37366E5897C63C23FF0EA1',NULL,'','TLv8平台','system','PSN01','/ORG01','/管理员','处理任务','前端提交','127.0.0.1','2022-06-06 18:19:24',0),('A0B11C05FE9804D5C7631C19ED365949','','','查看流程图、波特图','system','PSN01','/ORG01','/管理员','查看','前端提交','127.0.0.1','2022-06-02 14:58:20',0),('A26B8620FC6EB90BDC303361ACDEA42E',NULL,'/系统管理/流程管理/流程监控','流程监控','system','PSN01','/ORG01','/管理员','查看','前端提交','127.0.0.1','2022-06-09 10:32:57',0),('A2C0722D69086F5ED5CE134D48218C6B',NULL,'/OA系统/人事管理/请假申请','TLv8平台-流程页面','system','PSN01','/ORG01','/管理员','查看','前端提交','127.0.0.1','2022-06-09 14:08:11',0),('A6A00C3D05B7311617B5CF24DFCDA3B0',NULL,'/系统管理/流程管理/流程监控','流程监控','system','PSN01','/ORG01','/管理员','查看','前端提交','127.0.0.1','2022-06-09 15:01:37',0),('A6A1B68650C726FB74A61179FF7AD3CF',NULL,'','TLv8平台','测试人员1','7BA4523D57DB87BE42614FA76B34B122','/3C0D1C2F08132B7EC6A3908BD662928E.ogn/CD92B921EE135105A1D4856539B2D58A.dpt/97DA9DF40D94E4EDD350A1A0DC4C0917.pos','/测试机构/测试部门1/测试岗位1','查看','前端提交','127.0.0.1','2022-06-06 18:34:19',0),('A7000144D347CD492867F57C089232D6',NULL,'/系统管理/流程管理/流程监控','流程监控','system','PSN01','/ORG01','/管理员','查看','前端提交','127.0.0.1','2022-06-09 14:01:09',0),('A74A400FD4FA1054025010A9B640D2BC','','/OA系统/人事管理/请假申请','TLv8平台-流程页面','system','PSN01','/ORG01','/管理员','查看','前端提交','127.0.0.1','2022-06-02 13:32:16',0),('A79DF9C80474F7FE497200CE42646910','','/OA系统/人事管理/请假申请','TLv8平台-流程页面','system','PSN01','/ORG01','/管理员','查看','前端提交','127.0.0.1','2022-06-02 11:37:16',0),('A7AF77C1814CFF927C92AB3E757BD546',NULL,'/系统管理/流程管理/流程监控','流程监控','system','PSN01','/ORG01','/管理员','查看','前端提交','127.0.0.1','2022-06-09 13:48:14',0),('A7E98118BA95100FC5FA68C85EB095FF','','/OA系统/人事管理/请假申请','TLv8平台-流程页面','system','PSN01','/ORG01','/管理员','查看','前端提交','127.0.0.1','2022-06-02 11:43:28',0),('A7F4DA944C32CFCAC9B4A81AE8BD0EF2',NULL,'/系统管理/流程管理/流程监控','流程监控','system','PSN01','/ORG01','/管理员','查看','前端提交','127.0.0.1','2022-06-09 15:37:41',0),('A8069E453F5F9E3ACE822B1FE80734C1',NULL,'/系统管理/流程管理/流程监控','流程监控','system','PSN01','/ORG01','/管理员','查看','前端提交','127.0.0.1','2022-06-09 11:09:23',0),('A849BBB0C9404A897181B2548C2A4080',NULL,'','TLv8平台','system','PSN01','/ORG01','/管理员','查看','前端提交','127.0.0.1','2022-06-08 16:49:37',0),('A8890A00B4B4BD2CBFCC892EFFA5947A',NULL,'','TLv8平台','system','PSN01','/ORG01','/管理员','查看','前端提交','127.0.0.1','2022-06-09 17:15:52',0),('A961D08F128E847A778905A2BECE48BD','','/OA系统/人事管理/请假申请','TLv8平台-流程页面','system','PSN01','/ORG01','/管理员','查看','前端提交','127.0.0.1','2022-06-02 11:47:48',0),('AB9E14A4DAC27CAB56A3B050919631F5','','/OA系统/人事管理/请假申请','TLv8平台-流程页面','system','PSN01','/ORG01','/管理员','查看','前端提交','127.0.0.1','2022-06-02 13:10:54',0),('ABD6F7013A04264578B55C1869DC9B81',NULL,'','TLv8平台','测试人员1','7BA4523D57DB87BE42614FA76B34B122','/3C0D1C2F08132B7EC6A3908BD662928E.ogn/CD92B921EE135105A1D4856539B2D58A.dpt/97DA9DF40D94E4EDD350A1A0DC4C0917.pos','/测试机构/测试部门1/测试岗位1','处理任务','前端提交','127.0.0.1','2022-06-06 18:51:35',0),('ABF5A032E8CF20416D5E36977F1B2E69','','/OA系统/人事管理/请假申请','TLv8平台-流程页面','system','PSN01','/ORG01','/管理员','查看','前端提交','127.0.0.1','2022-06-02 13:27:57',0),('AC5960E3BD58C221A6082ED3447F6E8A','','/OA系统/人事管理/请假申请','TLv8平台-流程页面','system','PSN01','/ORG01','/管理员','查看','前端提交','127.0.0.1','2022-06-02 13:34:17',0),('AC5D6D60FDCBB0366E8423C6570FADA0',NULL,'/系统管理/流程管理/流程监控','流程监控','system','PSN01','/ORG01','/管理员','查看','前端提交','127.0.0.1','2022-06-09 10:42:40',0),('AC7091F5ABD923CDBFAED18DE2D6E945',NULL,'','','system','PSN01','/ORG01','/管理员','查看','前端提交','127.0.0.1','2022-06-06 18:27:59',0),('AD006FBBBA89E3277F45BDCDC2BE637A',NULL,'','TLv8平台','测试人员1','7BA4523D57DB87BE42614FA76B34B122','/3C0D1C2F08132B7EC6A3908BD662928E.ogn/CD92B921EE135105A1D4856539B2D58A.dpt/97DA9DF40D94E4EDD350A1A0DC4C0917.pos','/测试机构/测试部门1/测试岗位1','查看','前端提交','127.0.0.1','2022-06-06 18:34:32',0),('AD0E078404670425693F90212930D05C','','','查看流程图、波特图','system','PSN01','/ORG01','/管理员','查看','前端提交','127.0.0.1','2022-06-02 14:41:21',0),('AE2EDC82ECC1D1BD59D142EA9F5EB187',NULL,'/系统管理/流程管理/流程监控','流程监控','system','PSN01','/ORG01','/管理员','查看','前端提交','127.0.0.1','2022-06-09 10:38:13',0),('AEA014073698F18E9B3166C871FBB2A1','','/OA系统/人事管理/请假申请','TLv8平台-流程页面','system','PSN01','/ORG01','/管理员','查看','前端提交','127.0.0.1','2022-06-02 13:50:29',0),('AEC3F8BF14696F73CE9C5C383060828E',NULL,'/系统管理/流程管理/流程监控','流程监控','system','PSN01','/ORG01','/管理员','查看','前端提交','127.0.0.1','2022-06-09 14:30:00',0),('AF01B638B60862A1CF1A0E4447A08429',NULL,'/系统管理/流程管理/流程监控','流程监控','system','PSN01','/ORG01','/管理员','查看','前端提交','127.0.0.1','2022-06-09 14:39:57',0),('AF93CE541ECFF3C5E1BD64D936ADCD57',NULL,'','','system','PSN01','/ORG01','/管理员','查看','前端提交','127.0.0.1','2022-06-09 18:08:47',0),('AFB1368D6CA74A82C7FD9BEAE6B39EC1','','','查看流程图、波特图','system','PSN01','/ORG01','/管理员','查看','前端提交','127.0.0.1','2022-06-02 14:34:27',0),('B00FFB1A646F04B370870FF508BCDD50','','/OA系统/人事管理/请假申请','TLv8平台-流程页面','system','PSN01','/ORG01','/管理员','查看','前端提交','127.0.0.1','2022-06-02 12:57:15',0),('B020B8C44DE2BA468FB271EC1F8080D3',NULL,'','','system','PSN01','/ORG01','/管理员','查看','前端提交','127.0.0.1','2022-06-09 17:55:53',0),('B229E542F5558B35E600B62F36525BE3',NULL,'/系统管理/流程管理/流程监控','流程监控','system','PSN01','/ORG01','/管理员','查看','前端提交','127.0.0.1','2022-06-09 10:54:18',0),('B2EE91EAED7E1BB6D8A1CCE3C1E62E98','','/系统管理/组织机构/授权管理','授权管理','system','PSN01','/ORG01','/管理员','查看','前端提交','127.0.0.1','2022-06-02 10:12:48',0),('B412C69DCDF3BE230FF3F0BABE74B5FE',NULL,'','','system','PSN01','/ORG01','/管理员','处理任务','前端提交','127.0.0.1','2022-06-06 18:19:52',0),('B43664A6D5F6CE3A855318E5286D414C','','/OA系统/人事管理/请假申请','TLv8平台-流程页面','system','PSN01','/ORG01','/管理员','查看','前端提交','127.0.0.1','2022-06-02 12:57:25',0),('B4536618A18F149A7504AF046500B497','','','查看流程图、波特图','system','PSN01','/ORG01','/管理员','查看','前端提交','127.0.0.1','2022-06-02 14:33:07',0),('B4E9401944F6B7510D698F18286338E5',NULL,'','TLv8平台','system','PSN01','/ORG01','/管理员','查看','前端提交','127.0.0.1','2022-06-08 16:50:05',0),('B509949703C50E10CC573A5E2E1850E0',NULL,'','查看流程图、波特图','system','PSN01','/ORG01','/管理员','查看','前端提交','127.0.0.1','2022-06-09 16:39:00',0),('B572B5C31835191EC58E170E5B309D2F','','','查看流程图、波特图','system','PSN01','/ORG01','/管理员','查看','前端提交','127.0.0.1','2022-06-02 14:36:48',0),('B5C04BE6D9243F636D540476533390E5',NULL,'/系统管理/流程管理/流程监控','流程监控','system','PSN01','/ORG01','/管理员','查看','前端提交','127.0.0.1','2022-06-09 10:39:43',0),('B5F0C6AAA0A49FD20029F3DE24B629E6',NULL,'/系统管理/流程管理/流程监控','流程监控','system','PSN01','/ORG01','/管理员','查看','前端提交','127.0.0.1','2022-06-09 10:51:46',0),('B6261DDB23F1771DD9752C6C316639B1',NULL,'','查看流程图、波特图','测试人员1','7BA4523D57DB87BE42614FA76B34B122','/3C0D1C2F08132B7EC6A3908BD662928E.ogn/CD92B921EE135105A1D4856539B2D58A.dpt/97DA9DF40D94E4EDD350A1A0DC4C0917.pos','/测试机构/测试部门1/测试岗位1','查看','前端提交','127.0.0.1','2022-06-06 19:03:50',0),('B68A7454F2C31785B765E4E89C70448A',NULL,'','','测试人员1','7BA4523D57DB87BE42614FA76B34B122','/3C0D1C2F08132B7EC6A3908BD662928E.ogn/CD92B921EE135105A1D4856539B2D58A.dpt/97DA9DF40D94E4EDD350A1A0DC4C0917.pos','/测试机构/测试部门1/测试岗位1','查看','前端提交','127.0.0.1','2022-06-06 19:05:32',0),('B6A32C644A8D569BEA04E27208502B42','','','查看流程图、波特图','system','PSN01','/ORG01','/管理员','查看','前端提交','127.0.0.1','2022-06-02 14:47:13',0),('B74D9823E8E9D5311246AEF06CA6214E','','/OA系统/人事管理/请假申请','TLv8平台-流程页面','system','PSN01','/ORG01','/管理员','查看','前端提交','127.0.0.1','2022-06-02 14:13:42',0),('B786B6039875515C304B6F3535859578',NULL,'','','system','PSN01','/ORG01','/管理员','查看','前端提交','127.0.0.1','2022-06-09 17:59:55',0),('B7A8A5EC9A29E9A3C40394F5C0343204',NULL,'/系统管理/流程管理/流程监控','流程监控','system','PSN01','/ORG01','/管理员','查看','前端提交','127.0.0.1','2022-06-09 14:38:41',0),('B7B1F820E81552AB80DA74620282120C','','/OA系统/人事管理/请假申请','TLv8平台-流程页面','system','PSN01','/ORG01','/管理员','查看','前端提交','127.0.0.1','2022-06-02 11:56:29',0),('B81975091BCFC281AE60FFB82A2A162E','','/OA系统/人事管理/请假申请','TLv8平台-流程页面','system','PSN01','/ORG01','/管理员','查看','前端提交','127.0.0.1','2022-06-02 13:35:42',0),('B8328CA155270E6A793C86DF42ECC5DD',NULL,'/系统管理/流程管理/流程监控','流程监控','system','PSN01','/ORG01','/管理员','查看','前端提交','127.0.0.1','2022-06-09 14:15:07',0),('B8F0B04B51F5697F1309490861360B85',NULL,'/系统管理/流程管理/流程监控','流程监控','system','PSN01','/ORG01','/管理员','查看','前端提交','127.0.0.1','2022-06-09 15:31:53',0),('B95B17B78868D0032F5B74DCEC7FCAC5','','','','system','PSN01','/ORG01','/管理员','查看','前端提交','127.0.0.1','2022-06-02 10:13:05',0),('BA12A013D1F8C48B863306E026F2664B',NULL,'','','测试人员1','7BA4523D57DB87BE42614FA76B34B122','/3C0D1C2F08132B7EC6A3908BD662928E.ogn/CD92B921EE135105A1D4856539B2D58A.dpt/97DA9DF40D94E4EDD350A1A0DC4C0917.pos','/测试机构/测试部门1/测试岗位1','查看','前端提交','127.0.0.1','2022-06-06 18:39:22',0),('BADEC94037DDA1E1F960795B91A5D768','','/OA系统/人事管理/请假申请','TLv8平台-流程页面','system','PSN01','/ORG01','/管理员','查看','前端提交','127.0.0.1','2022-06-02 13:30:41',0),('BC0B5A4DFA9DB6EB26ADAFA514D11FEF',NULL,'/系统管理/流程管理/流程监控','流程监控','system','PSN01','/ORG01','/管理员','查看','前端提交','127.0.0.1','2022-06-09 10:53:06',0),('BC3CCAF637CDAE58816C09E4821D8230',NULL,'/系统管理/流程管理/流程监控','流程监控','system','PSN01','/ORG01','/管理员','查看','前端提交','127.0.0.1','2022-06-09 14:47:36',0),('BC4605126CB829A922AF5EE59EEEC01B',NULL,'/系统管理/流程管理/流程监控','流程监控','system','PSN01','/ORG01','/管理员','查看','前端提交','127.0.0.1','2022-06-09 15:18:20',0),('BCBDF00C2A608A8937DF6D1BC35ABC5D',NULL,'/系统管理/流程管理/流程监控','流程监控','system','PSN01','/ORG01','/管理员','查看','前端提交','127.0.0.1','2022-06-09 17:26:36',0),('BD88A6FDBBD375DD7216FEB5CDB84EB3',NULL,'/OA系统/人事管理/领导审批','TLv8平台-流程页面','system','PSN01','/ORG01','/管理员','查看','前端提交','127.0.0.1','2022-06-09 18:14:15',0),('BDD08F36FDD14E3E102D75E3A393E818',NULL,'/系统管理/流程管理/流程监控','流程监控','system','PSN01','/ORG01','/管理员','查看','前端提交','127.0.0.1','2022-06-09 11:04:02',0),('BF21109106F8D5E754C8C195C86B49D2',NULL,'','','system','PSN01','/ORG01','/管理员','查看','前端提交','127.0.0.1','2022-06-09 18:01:06',0),('BFE65773C2644DA92174BA2111D4A32F',NULL,'/系统管理/流程管理/流程设计','流程设计','system','PSN01','/ORG01','/管理员','查看','前端提交','127.0.0.1','2022-06-09 16:38:01',0),('C02C9ABFDB6AC185205D53EED040B628',NULL,'/系统管理/流程管理/流程监控','流程监控','system','PSN01','/ORG01','/管理员','查看','前端提交','127.0.0.1','2022-06-09 10:49:51',0),('C124616CFC38F3AF8A9C416734148BC1',NULL,'/系统管理/流程管理/流程监控','流程监控','system','PSN01','/ORG01','/管理员','查看','前端提交','127.0.0.1','2022-06-09 14:36:07',0),('C16EA508D4DF4B20A59E844B680DA169',NULL,'/OA系统/人事管理/请假申请','TLv8平台-流程页面','测试人员1','7BA4523D57DB87BE42614FA76B34B122','/3C0D1C2F08132B7EC6A3908BD662928E.ogn/CD92B921EE135105A1D4856539B2D58A.dpt/97DA9DF40D94E4EDD350A1A0DC4C0917.pos','/测试机构/测试部门1/测试岗位1','查看','前端提交','127.0.0.1','2022-06-06 19:04:52',0),('C22D7110DC3A10DA0F16F226BEA9C1D9',NULL,'','查看流程图、波特图','system','PSN01','/ORG01','/管理员','查看','前端提交','127.0.0.1','2022-06-09 15:02:12',0),('C31A50DCFA4FBC5B217DB067227CFB24',NULL,'/系统管理/流程管理/流程监控','流程监控','system','PSN01','/ORG01','/管理员','查看','前端提交','127.0.0.1','2022-06-09 15:26:30',0),('C423ACB5E425912B407F7C93869CB14A',NULL,'/系统管理/流程管理/流程监控','流程监控','system','PSN01','/ORG01','/管理员','查看','前端提交','127.0.0.1','2022-06-09 15:14:44',0),('C43E2562146AF9CE69039D2AD33BBC6A','','/OA系统/人事管理/请假申请','TLv8平台-流程页面','system','PSN01','/ORG01','/管理员','查看','前端提交','127.0.0.1','2022-06-02 13:38:24',0),('C489A800ACA4175CB3648C8020A57C3F',NULL,'','TLv8平台','system','PSN01','/ORG01','/管理员','查看','前端提交','127.0.0.1','2022-06-09 14:53:10',0),('C4FF7F7F7C168AF117C7584E4A1E55F4',NULL,'/系统管理/流程管理/流程监控','流程监控','system','PSN01','/ORG01','/管理员','查看','前端提交','127.0.0.1','2022-06-09 14:41:33',0),('C509BEB2C7439FCE0D24A2D0880492A0',NULL,'','TLv8平台','测试人员1','7BA4523D57DB87BE42614FA76B34B122','/3C0D1C2F08132B7EC6A3908BD662928E.ogn/CD92B921EE135105A1D4856539B2D58A.dpt/97DA9DF40D94E4EDD350A1A0DC4C0917.pos','/测试机构/测试部门1/测试岗位1','查看','前端提交','127.0.0.1','2022-06-06 19:05:45',0),('C585C226632B1AE933341DFF73B4B7A0','','','查看流程图、波特图','system','PSN01','/ORG01','/管理员','查看','前端提交','127.0.0.1','2022-06-02 14:56:22',0),('C6EC1BD20791A1E8C786F5D2DE9BC4B0',NULL,'/系统管理/流程管理/流程监控','流程监控','system','PSN01','/ORG01','/管理员','查看','前端提交','127.0.0.1','2022-06-09 10:55:59',0),('C783E1662157BA43435358B8E6BA556A',NULL,'','','测试人员1','7BA4523D57DB87BE42614FA76B34B122','/3C0D1C2F08132B7EC6A3908BD662928E.ogn/CD92B921EE135105A1D4856539B2D58A.dpt/97DA9DF40D94E4EDD350A1A0DC4C0917.pos','/测试机构/测试部门1/测试岗位1','查看','前端提交','127.0.0.1','2022-06-06 18:34:38',0),('C8335D2CBD33563EFA2CCBAF3F1308C0','','','查看流程图、波特图','system','PSN01','/ORG01','/管理员','查看','前端提交','127.0.0.1','2022-06-02 14:45:07',0),('C84EF0804FD0557EC4B35818FCE2A054',NULL,'','查看流程图、波特图','system','PSN01','/ORG01','/管理员','查看','前端提交','127.0.0.1','2022-06-06 18:19:26',0),('C85CFAEE0BFBF86BC201C9CE7644EAB9',NULL,'','TLv8平台','system','PSN01','/ORG01','/管理员','查看','前端提交','127.0.0.1','2022-06-09 17:15:58',0),('C97C6B7C01BE101EB8F45F35F17F36A3',NULL,'/OA系统/人事管理/部门审批','TLv8平台-流程页面','system','PSN01','/ORG01','/管理员','查看','前端提交','127.0.0.1','2022-06-09 18:15:10',0),('C9993C103B7CF229E2252F491F1C5A3B',NULL,'','查看流程图、波特图','system','PSN01','/ORG01','/管理员','查看','前端提交','127.0.0.1','2022-06-09 15:37:52',0),('C9A02B17373FC0E6742CDE108B888648','','/OA系统/人事管理/请假申请','TLv8平台-流程页面','system','PSN01','/ORG01','/管理员','查看','前端提交','127.0.0.1','2022-06-02 13:17:13',0),('C9A0DDFD948B14C3CF7C5C58233FC0B8',NULL,'','','system','PSN01','/ORG01','/管理员','查看','前端提交','127.0.0.1','2022-06-06 18:32:25',0),('CA1AC3495B00E60D1BB7905F2154660E','','/系统管理/流程管理/流程设计','流程设计','system','PSN01','/ORG01','/管理员','查看','前端提交','127.0.0.1','2022-06-02 10:18:51',0),('CA5B09D278CF8FA89752485E1754CB1C',NULL,'/系统管理/流程管理/流程监控','流程监控','system','PSN01','/ORG01','/管理员','查看','前端提交','127.0.0.1','2022-06-09 17:26:34',0),('CABA06752E66A152A961B1D39992C02B',NULL,'','TLv8平台','system','PSN01','/ORG01','/管理员','处理任务','前端提交','127.0.0.1','2022-06-09 10:16:22',0),('CAC96BFE2A4F5778071E34AF6BA07037',NULL,'','','system','PSN01','/ORG01','/管理员','查看','前端提交','127.0.0.1','2022-06-06 18:34:01',0),('CB935547F7024E3D6751E1C59C4DB609',NULL,'','查看流程图、波特图','system','PSN01','/ORG01','/管理员','查看','前端提交','127.0.0.1','2022-06-09 15:37:59',0),('CC200E13872310974244C0A54AE17706',NULL,'/OA系统/人事管理/请假申请','TLv8平台-流程页面','测试人员1','7BA4523D57DB87BE42614FA76B34B122','/3C0D1C2F08132B7EC6A3908BD662928E.ogn/CD92B921EE135105A1D4856539B2D58A.dpt/97DA9DF40D94E4EDD350A1A0DC4C0917.pos','/测试机构/测试部门1/测试岗位1','查看','前端提交','127.0.0.1','2022-06-06 18:34:23',0),('CD6B938FD6836FCDA9E49180B64E2F81',NULL,'/系统管理/流程管理/流程监控','流程监控','system','PSN01','/ORG01','/管理员','查看','前端提交','127.0.0.1','2022-06-09 10:50:28',0),('CDD57DBE3CA1B5DD101BC11B795F4156',NULL,'','','system','PSN01','/ORG01','/管理员','查看','前端提交','127.0.0.1','2022-06-06 18:30:30',0),('CF396C917624FA6B64D4962B8DA919E5',NULL,'','','system','PSN01','/ORG01','/管理员','查看','前端提交','127.0.0.1','2022-06-09 17:59:11',0),('CF8A494FCF773C07F450281F1755E25F',NULL,'/系统管理/流程管理/流程监控','流程监控','system','PSN01','/ORG01','/管理员','处理任务','前端提交','127.0.0.1','2022-06-09 16:39:34',0),('CFF2B30A45CAB0D0DCFDC3CF473A9A63',NULL,'/系统管理/流程管理/流程监控','流程监控','system','PSN01','/ORG01','/管理员','查看','前端提交','127.0.0.1','2022-06-09 11:07:59',0),('D0D2B6E23CB055DC85F1B41E8592E6AA',NULL,'/系统管理/流程管理/流程监控','流程监控','system','PSN01','/ORG01','/管理员','查看','前端提交','127.0.0.1','2022-06-09 15:10:46',0),('D1177E01ABAF4C4F24B6B9CA0B781590',NULL,'/OA系统/人事管理/请假申请','TLv8平台-流程页面','system','PSN01','/ORG01','/管理员','查看','前端提交','127.0.0.1','2022-06-06 18:19:52',0),('D11D73EC4BA5CB84857373EA7EDFDD70',NULL,'/系统管理/流程管理/流程监控','流程监控','system','PSN01','/ORG01','/管理员','查看','前端提交','127.0.0.1','2022-06-09 13:34:23',0),('D1A43A6E8387F2B651F0EEF431ACEACB',NULL,'/OA系统/人事管理/请假申请','TLv8平台-流程页面','system','PSN01','/ORG01','/管理员','查看','前端提交','127.0.0.1','2022-06-09 10:16:43',0),('D1BCF2FB71DCB208A96C4EF8B3749E7D',NULL,'','TLv8平台','system','PSN01','/ORG01','/管理员','查看','前端提交','127.0.0.1','2022-06-09 10:16:33',0),('D2910F2F87B5210A05FCA7A29CF159A4',NULL,'/OA系统/人事管理/请假申请','TLv8平台-流程页面','system','PSN01','/ORG01','/管理员','查看','前端提交','127.0.0.1','2022-06-06 18:19:19',0),('D307ED176BDFC937363B6822874510D1',NULL,'/OA系统/人事管理/领导审批','TLv8平台-流程页面','system','PSN01','/ORG01','/管理员','查看','前端提交','127.0.0.1','2022-06-09 16:42:15',0),('D366885EBBE8DFA1C3BDEF7D767DAE18',NULL,'/系统管理/流程管理/流程监控','流程监控','system','PSN01','/ORG01','/管理员','查看','前端提交','127.0.0.1','2022-06-09 13:47:43',0),('D3878AB2AD290B4BEBEB909DD47BD7F9','','','查看流程图、波特图','system','PSN01','/ORG01','/管理员','查看','前端提交','127.0.0.1','2022-06-02 14:45:31',0),('D40BAD51EBCB068F76A1ADC3C45F09ED','','/OA系统/人事管理/请假申请','TLv8平台-流程页面','system','PSN01','/ORG01','/管理员','查看','前端提交','127.0.0.1','2022-06-02 11:52:12',0),('D421C88968CA0297BF741E0434186172',NULL,'/系统管理/流程管理/流程监控','流程监控','system','PSN01','/ORG01','/管理员','查看','前端提交','127.0.0.1','2022-06-09 10:55:16',0),('D557C86F45624B7481296A230B680C1B','','/OA系统/人事管理/请假申请','TLv8平台-流程页面','system','PSN01','/ORG01','/管理员','查看','前端提交','127.0.0.1','2022-06-02 13:53:30',0),('D5C34D3519430E980FB2CF57163F8610',NULL,'/系统管理/流程管理/流程监控','流程监控','system','PSN01','/ORG01','/管理员','查看','前端提交','127.0.0.1','2022-06-09 15:32:42',0),('D6AB00AC872C7DB8D7E1256C5752609D',NULL,'/OA系统/人事管理/部门审批','TLv8平台-流程页面','system','PSN01','/ORG01','/管理员','查看','前端提交','127.0.0.1','2022-06-09 10:16:22',0),('D70AB91486E09D0FC05602DE4D1205A4',NULL,'/系统管理/流程管理/流程监控','流程监控','system','PSN01','/ORG01','/管理员','查看','前端提交','127.0.0.1','2022-06-09 10:35:50',0),('D8F4D833FC9E456A2CEB8603B93EAF4E','','/OA系统/人事管理/请假申请','TLv8平台-流程页面','system','PSN01','/ORG01','/管理员','查看','前端提交','127.0.0.1','2022-06-02 13:17:06',0),('D91B985349E39C9184ADDA27C26A36E6',NULL,'/系统管理/流程管理/流程监控','流程监控','system','PSN01','/ORG01','/管理员','查看','前端提交','127.0.0.1','2022-06-09 10:37:19',0),('D94BA0EC67DBE81F045C9BC5E4DACA32',NULL,'/系统管理/流程管理/流程监控','流程监控','system','PSN01','/ORG01','/管理员','查看','前端提交','127.0.0.1','2022-06-09 10:36:54',0),('D9BACDFFFD38E4EF555B1AB1B621F2C7',NULL,'/系统管理/流程管理/流程监控','流程监控','system','PSN01','/ORG01','/管理员','查看','前端提交','127.0.0.1','2022-06-09 10:45:21',0),('DA8E3FFBFE27ECA9141720D16C9DA116',NULL,'','','测试人员1','7BA4523D57DB87BE42614FA76B34B122','/3C0D1C2F08132B7EC6A3908BD662928E.ogn/CD92B921EE135105A1D4856539B2D58A.dpt/97DA9DF40D94E4EDD350A1A0DC4C0917.pos','/测试机构/测试部门1/测试岗位1','查看','前端提交','127.0.0.1','2022-06-06 18:54:48',0),('DAB2FC7743078179B76326B441476985','','/OA系统/人事管理/请假申请','TLv8平台-流程页面','system','PSN01','/ORG01','/管理员','查看','前端提交','127.0.0.1','2022-06-02 13:17:56',0),('DB7EAB3545245AF9D9B4140079B6891B','','/OA系统/人事管理/请假申请','TLv8平台-流程页面','system','PSN01','/ORG01','/管理员','查看','前端提交','127.0.0.1','2022-06-02 11:48:24',0),('DBA6A7F9AF4CA312DABDE2C8E5CA0398',NULL,'/OA系统/人事管理/请假申请','TLv8平台-流程页面','system','PSN01','/ORG01','/管理员','查看','前端提交','127.0.0.1','2022-06-09 13:48:28',0),('DBEDCEDBF1DC0F3099CBDF958E946969','','/OA系统/人事管理/请假申请','TLv8平台-流程页面','system','PSN01','/ORG01','/管理员','查看','前端提交','127.0.0.1','2022-06-02 13:43:21',0),('DCE5F349FE729E2BD35E3AF1F933B76C','','/系统管理/系统工具/操作日志','操作日志','system','PSN01','/ORG01','/管理员','查看','前端提交','127.0.0.1','2022-06-02 10:19:01',0),('DD4465FFECD36C5F5C74F01E9A4AA55C',NULL,'/OA系统/人事管理/请假申请','TLv8平台-流程页面','system','PSN01','/ORG01','/管理员','查看','前端提交','127.0.0.1','2022-06-06 18:32:36',0),('DD81DB9AA182893D21AA5C7A38915CDC',NULL,'/系统管理/流程管理/流程监控','流程监控','system','PSN01','/ORG01','/管理员','查看','前端提交','127.0.0.1','2022-06-09 10:51:23',0),('DE3760B326E91E724824D30DEE72613B',NULL,'/系统管理/流程管理/流程监控','流程监控','system','PSN01','/ORG01','/管理员','查看','前端提交','127.0.0.1','2022-06-09 10:56:37',0),('DEC8271B3BEDAF1FC64F8343D9215203',NULL,'','TLv8平台','system','PSN01','/ORG01','/管理员','查看','前端提交','127.0.0.1','2022-06-09 13:34:20',0),('DEF2DD7DFB938EDD7C6D6245C3D491DC','','','','system','PSN01','/ORG01','/管理员','查看','前端提交','127.0.0.1','2022-06-02 10:13:44',0),('DF0C8222A2BD7121AF5052FECDB315F2',NULL,'/OA系统/人事管理/部门审批','TLv8平台-流程页面','system','PSN01','/ORG01','/管理员','查看','前端提交','127.0.0.1','2022-06-08 16:49:45',0),('DFFD723E9818F375D7C1BBBC3E368C76',NULL,'','','system','PSN01','/ORG01','/管理员','查看','前端提交','127.0.0.1','2022-06-06 18:19:55',0),('E0074965BBF2CDC4631E0F72BE968FDF',NULL,'/系统管理/组织机构/授权管理','授权管理','system','PSN01','/ORG01','/管理员','查看','前端提交','127.0.0.1','2022-06-06 18:33:59',0),('E0A839206963D23AD24299D6105A8993','','','查看流程图、波特图','system','PSN01','/ORG01','/管理员','查看','前端提交','127.0.0.1','2022-06-02 14:29:32',0),('E1662971DDEE53B7502571CA5E5AA6D7',NULL,'','查看流程图、波特图','system','PSN01','/ORG01','/管理员','查看','前端提交','127.0.0.1','2022-06-09 15:02:27',0),('E20226480800D46029EF28C66D0B683A',NULL,'','','测试人员1','7BA4523D57DB87BE42614FA76B34B122','/3C0D1C2F08132B7EC6A3908BD662928E.ogn/CD92B921EE135105A1D4856539B2D58A.dpt/97DA9DF40D94E4EDD350A1A0DC4C0917.pos','/测试机构/测试部门1/测试岗位1','查看','前端提交','127.0.0.1','2022-06-06 18:54:39',0),('E2671AA3B7BD02A88273DE5CEF1A04A2',NULL,'','','system','PSN01','/ORG01','/管理员','查看','前端提交','127.0.0.1','2022-06-09 17:50:58',0),('E27EE24A38D05123EA326B6A7C635EA4',NULL,'','','system','PSN01','/ORG01','/管理员','查看','前端提交','127.0.0.1','2022-06-06 18:20:08',0),('E354167138AC3372C3FC451720BEB98F',NULL,'','','测试人员1','7BA4523D57DB87BE42614FA76B34B122','/3C0D1C2F08132B7EC6A3908BD662928E.ogn/CD92B921EE135105A1D4856539B2D58A.dpt/97DA9DF40D94E4EDD350A1A0DC4C0917.pos','/测试机构/测试部门1/测试岗位1','查看','前端提交','127.0.0.1','2022-06-06 19:05:00',0),('E39D47B28C67E0C6E45C8F3CAC08BA57',NULL,'/系统管理/流程管理/流程监控','流程监控','system','PSN01','/ORG01','/管理员','查看','前端提交','127.0.0.1','2022-06-09 11:04:38',0),('E3B1B6DB4A13F521B3D9ED2B85B61990','','/OA系统/人事管理/请假申请','TLv8平台-流程页面','system','PSN01','/ORG01','/管理员','查看','前端提交','127.0.0.1','2022-06-02 13:30:57',0),('E3B83645988C1ACC6BFC39520A5273C6','','/OA系统/人事管理/请假申请','TLv8平台-流程页面','system','PSN01','/ORG01','/管理员','查看','前端提交','127.0.0.1','2022-06-02 13:06:07',0),('E4809D8B3DC6B3857784277F45B21CFC',NULL,'/OA系统/人事管理/请假申请','TLv8平台-流程页面','测试人员1','7BA4523D57DB87BE42614FA76B34B122','/3C0D1C2F08132B7EC6A3908BD662928E.ogn/CD92B921EE135105A1D4856539B2D58A.dpt/97DA9DF40D94E4EDD350A1A0DC4C0917.pos','/测试机构/测试部门1/测试岗位1','查看','前端提交','127.0.0.1','2022-06-06 19:03:57',0),('E492F26FA682453624B9E2DE5477E7C3',NULL,'/OA系统/人事管理/请假申请','TLv8平台-流程页面','system','PSN01','/ORG01','/管理员','查看','前端提交','127.0.0.1','2022-06-09 15:07:41',0),('E4B25632CA16F59E93843509A9A7E207','','/OA系统/人事管理/请假申请','TLv8平台-流程页面','system','PSN01','/ORG01','/管理员','查看','前端提交','127.0.0.1','2022-06-02 13:30:03',0),('E553A34E2FA930E6FDC2C2EB8801B9EB','','','','system','PSN01','/ORG01','/管理员','查看','前端提交','127.0.0.1','2022-06-02 10:21:56',0),('E610110A9965A88B35E164BFFC2F24D2',NULL,'/OA系统/人事管理/请假申请','TLv8平台-流程页面','测试人员1','7BA4523D57DB87BE42614FA76B34B122','/3C0D1C2F08132B7EC6A3908BD662928E.ogn/CD92B921EE135105A1D4856539B2D58A.dpt/97DA9DF40D94E4EDD350A1A0DC4C0917.pos','/测试机构/测试部门1/测试岗位1','查看','前端提交','127.0.0.1','2022-06-06 18:34:35',0),('E61C03E27DFA9F89CEEC2A3E3348D4D7',NULL,'/系统管理/流程管理/流程设计','流程设计','system','PSN01','/ORG01','/管理员','查看','前端提交','127.0.0.1','2022-06-09 17:28:24',0),('E650F8DC1619A32D65E3AC083B0D0C6D','','/OA系统/人事管理/请假申请','TLv8平台-流程页面','system','PSN01','/ORG01','/管理员','查看','前端提交','127.0.0.1','2022-06-02 11:55:47',0),('E6672D6DAB8A42AA462048B2E29D1618','','/OA系统/人事管理/请假申请','TLv8平台-流程页面','system','PSN01','/ORG01','/管理员','查看','前端提交','127.0.0.1','2022-06-02 11:35:37',0),('E6889796635309A4D536F03CDAE13CF0','','/系统管理/组织机构/授权管理','授权管理','system','PSN01','/ORG01','/管理员','查看','前端提交','127.0.0.1','2022-06-02 10:13:56',0),('E6949439375F6E1EDD3B8C3A435C6D6B',NULL,'/系统管理/流程管理/流程监控','流程监控','system','PSN01','/ORG01','/管理员','查看','前端提交','127.0.0.1','2022-06-09 14:22:08',0),('E6D810C3F4C58DAD83E8942138AF7730','','','查看流程图、波特图','system','PSN01','/ORG01','/管理员','查看','前端提交','127.0.0.1','2022-06-02 14:50:11',0),('E771D018B225CD03027871BFA8B23AAF',NULL,'','','测试人员1','7BA4523D57DB87BE42614FA76B34B122','/3C0D1C2F08132B7EC6A3908BD662928E.ogn/CD92B921EE135105A1D4856539B2D58A.dpt/97DA9DF40D94E4EDD350A1A0DC4C0917.pos','/测试机构/测试部门1/测试岗位1','查看','前端提交','127.0.0.1','2022-06-06 18:57:37',0),('E7B758C700678828021AB87887735366','','','查看流程图、波特图','system','PSN01','/ORG01','/管理员','查看','前端提交','127.0.0.1','2022-06-02 14:35:44',0),('E7D34B22EE4BF7E35580381BB8057222',NULL,'','','system','PSN01','/ORG01','/管理员','查看','前端提交','127.0.0.1','2022-06-09 17:50:37',0),('E823E061EB869FF8A864F27EA0A09A42',NULL,'','','system','PSN01','/ORG01','/管理员','查看','前端提交','127.0.0.1','2022-06-06 18:32:38',0),('E8737F2C3050CD445340B02CF38025E6',NULL,'/系统管理/流程管理/流程监控','流程监控','system','PSN01','/ORG01','/管理员','查看','前端提交','127.0.0.1','2022-06-09 15:00:15',0),('E8AE150E62AAFFC1F34F1E733615708F','','/OA系统/人事管理/请假申请','TLv8平台-流程页面','system','PSN01','/ORG01','/管理员','查看','前端提交','127.0.0.1','2022-06-02 13:08:03',0),('E8B6AC414126C5DC016CBE111F00C4EB',NULL,'/OA系统/人事管理/请假申请','TLv8平台-流程页面','测试人员1','7BA4523D57DB87BE42614FA76B34B122','/3C0D1C2F08132B7EC6A3908BD662928E.ogn/CD92B921EE135105A1D4856539B2D58A.dpt/97DA9DF40D94E4EDD350A1A0DC4C0917.pos','/测试机构/测试部门1/测试岗位1','查看','前端提交','127.0.0.1','2022-06-06 18:57:58',0),('E9595A45CF9D7AE32E4F3FBA6CCE1AE0',NULL,'/系统管理/流程管理/流程监控','流程监控','system','PSN01','/ORG01','/管理员','查看','前端提交','127.0.0.1','2022-06-09 14:15:09',0),('E9CDD5128E43D5D5DE926DA2A1884041',NULL,'/OA系统/人事管理/请假申请','TLv8平台-流程页面','测试人员1','7BA4523D57DB87BE42614FA76B34B122','/3C0D1C2F08132B7EC6A3908BD662928E.ogn/CD92B921EE135105A1D4856539B2D58A.dpt/97DA9DF40D94E4EDD350A1A0DC4C0917.pos','/测试机构/测试部门1/测试岗位1','查看','前端提交','127.0.0.1','2022-06-06 19:04:56',0),('EAC0815B1DE803CC8F21722FAAAE8FAB',NULL,'/OA系统/人事管理/部门审批','TLv8平台-流程页面','system','PSN01','/ORG01','/管理员','查看','前端提交','127.0.0.1','2022-06-09 15:27:02',0),('EB12C1A363F166897A61829B5C8B19F6','','/系统管理/流程管理/流程设计','流程设计','system','PSN01','/ORG01','/管理员','查看','前端提交','127.0.0.1','2022-06-02 14:59:25',0),('EB8EB849DDA97AF4803FF92D49C64556','','/系统管理/流程管理/流程设计','流程设计','system','PSN01','/ORG01','/管理员','查看','前端提交','127.0.0.1','2022-06-02 10:18:53',0),('EC3D723D480E9071F885BBDEDDB3A230',NULL,'','TLv8平台','system','PSN01','/ORG01','/管理员','查看','前端提交','127.0.0.1','2022-06-06 18:20:07',0),('ECA489A0E76A48BDD5DA5CEFD3CE65D2','','/OA系统/人事管理/请假申请','TLv8平台-流程页面','system','PSN01','/ORG01','/管理员','查看','前端提交','127.0.0.1','2022-06-02 13:34:55',0),('ECBA20C9C80E202469196B856AB1C8FC',NULL,'','','system','PSN01','/ORG01','/管理员','查看','前端提交','127.0.0.1','2022-06-09 18:01:02',0),('ED68F80552CD02601D2C3BCA868F246D','','/系统管理/流程管理/流程设计','流程设计','system','PSN01','/ORG01','/管理员','查看','前端提交','127.0.0.1','2022-06-02 10:21:55',0),('ED6E642B42845D5221C9C01EC8F87EA8','','/OA系统/人事管理/请假申请','TLv8平台-流程页面','system','PSN01','/ORG01','/管理员','查看','前端提交','127.0.0.1','2022-06-02 13:18:47',0),('EDC4B46055F232AFD2B63121B64ACF44',NULL,'','','system','PSN01','/ORG01','/管理员','查看','前端提交','127.0.0.1','2022-06-06 18:26:58',0),('EDE7B84C641FC4CA5D9D428B0A7F0402',NULL,'','','system','PSN01','/ORG01','/管理员','查看','前端提交','127.0.0.1','2022-06-09 17:59:17',0),('EE383DD4F4079AEE65A32246FB5D91B9','','/OA系统/人事管理/请假申请','TLv8平台-流程页面','system','PSN01','/ORG01','/管理员','查看','前端提交','127.0.0.1','2022-06-02 13:53:28',0),('F0165196FFC9F60752064F314A86F275',NULL,'','','测试人员1','7BA4523D57DB87BE42614FA76B34B122','/3C0D1C2F08132B7EC6A3908BD662928E.ogn/CD92B921EE135105A1D4856539B2D58A.dpt/97DA9DF40D94E4EDD350A1A0DC4C0917.pos','/测试机构/测试部门1/测试岗位1','查看','前端提交','127.0.0.1','2022-06-06 18:57:35',0),('F0664C25264C8AA8F1B267D1E643A845',NULL,'/系统管理/流程管理/流程监控','流程监控','system','PSN01','/ORG01','/管理员','查看','前端提交','127.0.0.1','2022-06-09 15:00:05',0),('F0BD8C0A0DFF051323C7A0C3098FF7A8',NULL,'/系统管理/流程管理/流程监控','流程监控','system','PSN01','/ORG01','/管理员','查看','前端提交','127.0.0.1','2022-06-09 16:39:44',0),('F1058EE429B5009C74124F87B5778F95',NULL,'/OA系统/人事管理/请假申请','TLv8平台-流程页面','system','PSN01','/ORG01','/管理员','查看','前端提交','127.0.0.1','2022-06-09 18:15:04',0),('F20610D12067FF6CF3ED70864D543299',NULL,'/系统管理/流程管理/流程监控','流程监控','system','PSN01','/ORG01','/管理员','查看','前端提交','127.0.0.1','2022-06-09 16:27:00',0),('F22E1214A5C981F595827E77BDC36080',NULL,'/系统管理/流程管理/流程监控','流程监控','system','PSN01','/ORG01','/管理员','查看','前端提交','127.0.0.1','2022-06-09 15:33:36',0),('F2756FEA6E663507D31904063B6A5CEF',NULL,'/系统管理/流程管理/流程监控','流程监控','system','PSN01','/ORG01','/管理员','查看','前端提交','127.0.0.1','2022-06-09 14:57:53',0),('F2D3A0B2C9FEA4880D7778C634EA2026','','/OA系统/人事管理/请假申请','TLv8平台-流程页面','system','PSN01','/ORG01','/管理员','查看','前端提交','127.0.0.1','2022-06-02 11:56:26',0),('F2F44123B99611A11CE421F57455018D',NULL,'','TLv8平台','system','PSN01','/ORG01','/管理员','查看','前端提交','127.0.0.1','2022-06-09 13:48:26',0),('F2F78C41A1E7002E33CCC196C18C6EE9',NULL,'/系统管理/流程管理/流程监控','流程监控','system','PSN01','/ORG01','/管理员','查看','前端提交','127.0.0.1','2022-06-09 14:15:26',0),('F3403B5C64AC84EADF651CA51870056B','','','查看流程图、波特图','system','PSN01','/ORG01','/管理员','查看','前端提交','127.0.0.1','2022-06-02 14:44:13',0),('F346B12EC6A5A4902EC79DB50D7F2BCA',NULL,'','TLv8平台','system','PSN01','/ORG01','/管理员','查看','前端提交','127.0.0.1','2022-06-09 16:39:43',0),('F4861BE19D5479D45ABF8412EDCD8763',NULL,'/系统管理/流程管理/流程监控','流程监控','system','PSN01','/ORG01','/管理员','查看','前端提交','127.0.0.1','2022-06-09 15:07:17',0),('F4890431FFEF062CCC86476526560DE4',NULL,'/OA系统/人事管理/部门审批','TLv8平台-流程页面','system','PSN01','/ORG01','/管理员','查看','前端提交','127.0.0.1','2022-06-09 13:49:00',0),('F7399DC1643382655922BF487042561E',NULL,'/系统管理/流程管理/流程监控','流程监控','system','PSN01','/ORG01','/管理员','查看','前端提交','127.0.0.1','2022-06-09 10:37:18',0),('F783FDD99353E2DFBFD252F2C9FE868F',NULL,'/系统管理/流程管理/流程监控','流程监控','system','PSN01','/ORG01','/管理员','查看','前端提交','127.0.0.1','2022-06-09 10:54:59',0),('F792920C81F0F18344E1D9DCE603BED4',NULL,'/OA系统/人事管理/请假申请','TLv8平台-流程页面','测试人员1','7BA4523D57DB87BE42614FA76B34B122','/3C0D1C2F08132B7EC6A3908BD662928E.ogn/CD92B921EE135105A1D4856539B2D58A.dpt/97DA9DF40D94E4EDD350A1A0DC4C0917.pos','/测试机构/测试部门1/测试岗位1','查看','前端提交','127.0.0.1','2022-06-06 19:03:47',0),('F79886B73A269F0287DFF39A50F4DEE1',NULL,'','TLv8平台','测试人员1','7BA4523D57DB87BE42614FA76B34B122','/3C0D1C2F08132B7EC6A3908BD662928E.ogn/CD92B921EE135105A1D4856539B2D58A.dpt/97DA9DF40D94E4EDD350A1A0DC4C0917.pos','/测试机构/测试部门1/测试岗位1','查看','前端提交','127.0.0.1','2022-06-06 18:34:36',0),('F7E5D8903580F13C53F7EBAC4884099D',NULL,'','TLv8平台','system','PSN01','/ORG01','/管理员','处理任务','前端提交','127.0.0.1','2022-06-08 16:49:39',0),('F7FE47CCB9DDE532D69DDBA222B487BA',NULL,'/系统管理/流程管理/流程监控','流程监控','system','PSN01','/ORG01','/管理员','查看','前端提交','127.0.0.1','2022-06-09 14:36:12',0),('F99AFDB92C04C8AAE46FD79EB8F7E828',NULL,'/OA系统/人事管理/请假申请','TLv8平台-流程页面','测试人员1','7BA4523D57DB87BE42614FA76B34B122','/3C0D1C2F08132B7EC6A3908BD662928E.ogn/CD92B921EE135105A1D4856539B2D58A.dpt/97DA9DF40D94E4EDD350A1A0DC4C0917.pos','/测试机构/测试部门1/测试岗位1','查看','前端提交','127.0.0.1','2022-06-06 18:34:34',0),('F9C547923D5C4ABE28A94DA7F65132C7','','','查看流程图、波特图','system','PSN01','/ORG01','/管理员','查看','前端提交','127.0.0.1','2022-06-02 14:56:11',0),('F9F0F97BCD629387E33B52EBE324D288',NULL,'/OA系统/人事管理/请假申请','TLv8平台-流程页面','system','PSN01','/ORG01','/管理员','查看','前端提交','127.0.0.1','2022-06-09 10:22:10',0),('FA3AC59E3A874AF45A50C6C90E87503E','','','查看流程图、波特图','system','PSN01','/ORG01','/管理员','查看','前端提交','127.0.0.1','2022-06-02 14:58:03',0),('FA67244736F42B19734B3137156DA23A',NULL,'/系统管理/流程管理/流程监控','流程监控','system','PSN01','/ORG01','/管理员','查看','前端提交','127.0.0.1','2022-06-09 10:33:59',0),('FAEC8389FE81DC5BD666773DDDAAF62D',NULL,'/系统管理/流程管理/流程监控','流程监控','system','PSN01','/ORG01','/管理员','查看','前端提交','127.0.0.1','2022-06-09 10:43:03',0),('FAFDBB9098C01993B68A818EDB80AAC1','','','查看流程图、波特图','system','PSN01','/ORG01','/管理员','查看','前端提交','127.0.0.1','2022-06-02 14:48:04',0),('FB91290DB1276B4FB23315DA916C6193',NULL,'/系统管理/流程管理/流程监控','流程监控','system','PSN01','/ORG01','/管理员','查看','前端提交','127.0.0.1','2022-06-09 14:49:16',0),('FC80DECAD91178324FAA3D1B42DEBED3',NULL,'/系统管理/流程管理/流程监控','流程监控','system','PSN01','/ORG01','/管理员','查看','前端提交','127.0.0.1','2022-06-09 11:01:16',0),('FCD9ABBEDC8F1990E415D03C7BD84B70','','/OA系统/人事管理/请假申请','TLv8平台-流程页面','system','PSN01','/ORG01','/管理员','查看','前端提交','127.0.0.1','2022-06-02 13:58:20',0),('FCE74DD37CA167FF811B0A9BA34D5FAA',NULL,'/OA系统/人事管理/领导审批','TLv8平台-流程页面','system','PSN01','/ORG01','/管理员','查看','前端提交','127.0.0.1','2022-06-09 17:15:53',0),('FDA108348B93D2D58304DA20C46E6E88','','/OA系统/人事管理/请假申请','TLv8平台-流程页面','system','PSN01','/ORG01','/管理员','查看','前端提交','127.0.0.1','2022-06-02 11:32:13',0),('FDBF96FB1A8F08D667F99267BE655A61',NULL,'','','system','PSN01','/ORG01','/管理员','查看','前端提交','127.0.0.1','2022-06-09 17:28:26',0),('FE756F7F524FB6883178043ED8E0A7BA',NULL,'/OA系统/人事管理/请假申请','TLv8平台-流程页面','system','PSN01','/ORG01','/管理员','查看','前端提交','127.0.0.1','2022-06-06 18:19:24',0);
/*!40000 ALTER TABLE `sa_log` ENABLE KEYS */;
UNLOCK TABLES;

--
-- Table structure for table `sa_onlineinfo`
--

DROP TABLE IF EXISTS `sa_onlineinfo`;
/*!40101 SET @saved_cs_client     = @@character_set_client */;
/*!40101 SET character_set_client = utf8 */;
CREATE TABLE `sa_onlineinfo` (
  `sid` varchar(32) COLLATE utf8mb4_unicode_ci NOT NULL,
  `suserid` varchar(36) COLLATE utf8mb4_unicode_ci DEFAULT NULL,
  `susername` varchar(100) COLLATE utf8mb4_unicode_ci DEFAULT NULL,
  `suserfid` varchar(2048) COLLATE utf8mb4_unicode_ci DEFAULT NULL,
  `suserfname` varchar(2048) COLLATE utf8mb4_unicode_ci DEFAULT NULL,
  `sloginip` varchar(64) COLLATE utf8mb4_unicode_ci DEFAULT NULL,
  `slogindate` datetime DEFAULT NULL,
  `ssessionid` varchar(64) COLLATE utf8mb4_unicode_ci DEFAULT NULL,
  `sserviceip` varchar(64) COLLATE utf8mb4_unicode_ci DEFAULT NULL,
  `smachinecode` varchar(100) COLLATE utf8mb4_unicode_ci DEFAULT NULL,
  `version` int(11) NOT NULL,
  PRIMARY KEY (`sid`) USING BTREE,
  UNIQUE KEY `ssessionid` (`ssessionid`) USING BTREE,
  KEY `ix_sa_onlineinfo_smachinecode` (`smachinecode`) USING BTREE
) ENGINE=InnoDB DEFAULT CHARSET=utf8mb4 COLLATE=utf8mb4_unicode_ci ROW_FORMAT=DYNAMIC;
/*!40101 SET character_set_client = @saved_cs_client */;

--
-- Dumping data for table `sa_onlineinfo`
--

LOCK TABLES `sa_onlineinfo` WRITE;
/*!40000 ALTER TABLE `sa_onlineinfo` DISABLE KEYS */;
INSERT INTO `sa_onlineinfo` VALUES ('07F553C804F8D3B3AA226CD23E477FE9','PSN01','system','/ORG01.ogn/PSN01@ORG01.psm','/管理员/system','127.0.0.1','2022-06-09 10:16:18','63D8089B6F82A11CDF509CE014B0699F','192.168.1.105','3661251947176775D765044D1FCBAE0C',0),('55001D6DB6FD4936D2A59E2075A1165E','7BA4523D57DB87BE42614FA76B34B122','测试人员1','/3C0D1C2F08132B7EC6A3908BD662928E.ogn/CD92B921EE135105A1D4856539B2D58A.dpt/97DA9DF40D94E4EDD350A1A0DC4C0917.pos/7BA4523D57DB87BE42614FA76B34B122@3C0D1C2F08132B7EC6A3908BD662928E.psm','/测试机构/测试部门1/测试岗位1/测试人员1','127.0.0.1','2022-06-06 18:34:19','C5440A0B7682736EB8DCEE8CE8C103C2','172.22.192.1','A160C56833559347FCB7A326AE0BA4A3',0),('95D5581EC9206174339ED09A4B77DD02','PSN01','system','/ORG01.ogn/PSN01@ORG01.psm','/管理员/system','127.0.0.1','2022-06-09 17:49:12','ABA7AC8AC2B44F5E54EAF940E7F86B93','172.23.144.1','2DB8810C1410D282300961ED98049D6B',0),('AEC10E2172870DCCDE731DDC6545FF1C','PSN01','system','/ORG01.ogn/PSN01@ORG01.psm','/管理员/system','127.0.0.1','2022-06-02 11:31:31','57269F03974B7616D819DD4B23A53487','192.168.1.105','3661251947176775D765044D1FCBAE0C',0),('B83442B6EA62C17BB50A41105A90E48D','PSN01','system','/ORG01.ogn/PSN01@ORG01.psm','/管理员/system','127.0.0.1','2022-06-09 17:13:50','95BA1E38C9E833811D85CCAFBCB62FD3','172.23.144.1','2DB8810C1410D282300961ED98049D6B',0),('CA2AECDB6E0820AFBE94BC8184B92A94','PSN01','system','/ORG01.ogn/PSN01@ORG01.psm','/管理员/system','127.0.0.1','2022-06-09 13:34:19','7C19265C3D37E1D6DE1E37CDB404EFCA','172.23.144.1','2DB8810C1410D282300961ED98049D6B',0);
/*!40000 ALTER TABLE `sa_onlineinfo` ENABLE KEYS */;
UNLOCK TABLES;

--
-- Table structure for table `sa_opauthorize`
--

DROP TABLE IF EXISTS `sa_opauthorize`;
/*!40101 SET @saved_cs_client     = @@character_set_client */;
/*!40101 SET character_set_client = utf8 */;
CREATE TABLE `sa_opauthorize` (
  `sid` varchar(32) COLLATE utf8mb4_unicode_ci NOT NULL,
  `sorgid` varchar(65) COLLATE utf8mb4_unicode_ci NOT NULL,
  `sorgname` varchar(255) COLLATE utf8mb4_unicode_ci DEFAULT NULL,
  `sorgfid` varchar(2048) COLLATE utf8mb4_unicode_ci DEFAULT NULL,
  `sorgfname` varchar(2048) COLLATE utf8mb4_unicode_ci DEFAULT NULL,
  `sauthorizeroleid` varchar(32) COLLATE utf8mb4_unicode_ci NOT NULL,
  `sauthorizerolecode` varchar(64) COLLATE utf8mb4_unicode_ci DEFAULT NULL,
  `sdescription` varchar(1024) COLLATE utf8mb4_unicode_ci DEFAULT NULL,
  `screatorfid` varchar(2048) COLLATE utf8mb4_unicode_ci DEFAULT NULL,
  `screatorfname` varchar(2048) COLLATE utf8mb4_unicode_ci DEFAULT NULL,
  `screatetime` datetime DEFAULT NULL,
  `version` int(11) NOT NULL,
  PRIMARY KEY (`sid`) USING BTREE,
  KEY `ix_sa_opauthorize_sauthorizerolecode` (`sauthorizerolecode`) USING BTREE,
  KEY `ix_sa_opauthorize_sauthorizeroleid` (`sauthorizeroleid`) USING BTREE,
  KEY `ix_sa_opauthorize_sorgid` (`sorgid`) USING BTREE
) ENGINE=InnoDB DEFAULT CHARSET=utf8mb4 COLLATE=utf8mb4_unicode_ci ROW_FORMAT=DYNAMIC;
/*!40101 SET character_set_client = @saved_cs_client */;

--
-- Dumping data for table `sa_opauthorize`
--

LOCK TABLES `sa_opauthorize` WRITE;
/*!40000 ALTER TABLE `sa_opauthorize` DISABLE KEYS */;
INSERT INTO `sa_opauthorize` VALUES ('2551C11B97DB48210F2BD71401B039CE','PSN01@ORG01','system','/ORG01.ogn/PSN01@ORG01.psm','/管理员/system','RL01','opm','超级管理员','/ORG01.ogn/PSN01@ORG01.psm','/管理员/system','2022-05-22 16:40:52',0),('E5E4E4BB59C591C9A93546B1DC125303','3C0D1C2F08132B7EC6A3908BD662928E','测试机构','/3C0D1C2F08132B7EC6A3908BD662928E.ogn','/测试机构','62C986B66A97D0F6F251698A0553FC42','testrole','测试角色','/ORG01.ogn/PSN01@ORG01.psm','/管理员/system','2022-06-06 18:34:03',0);
/*!40000 ALTER TABLE `sa_opauthorize` ENABLE KEYS */;
UNLOCK TABLES;

--
-- Table structure for table `sa_oporg`
--

DROP TABLE IF EXISTS `sa_oporg`;
/*!40101 SET @saved_cs_client     = @@character_set_client */;
/*!40101 SET character_set_client = utf8 */;
CREATE TABLE `sa_oporg` (
  `sid` varchar(100) COLLATE utf8mb4_unicode_ci NOT NULL,
  `sname` varchar(128) COLLATE utf8mb4_unicode_ci DEFAULT NULL,
  `scode` varchar(64) COLLATE utf8mb4_unicode_ci DEFAULT NULL,
  `slongname` varchar(255) COLLATE utf8mb4_unicode_ci DEFAULT NULL,
  `sfname` varchar(2048) COLLATE utf8mb4_unicode_ci DEFAULT NULL,
  `sfcode` varchar(2048) COLLATE utf8mb4_unicode_ci DEFAULT NULL,
  `sfid` varchar(2048) COLLATE utf8mb4_unicode_ci DEFAULT NULL,
  `sorgkindid` varchar(5) COLLATE utf8mb4_unicode_ci DEFAULT NULL,
  `svalidstate` int(11) DEFAULT NULL,
  `sparent` varchar(100) COLLATE utf8mb4_unicode_ci DEFAULT NULL,
  `slevel` int(11) DEFAULT NULL,
  `sphone` varchar(64) COLLATE utf8mb4_unicode_ci DEFAULT NULL,
  `sfax` varchar(64) COLLATE utf8mb4_unicode_ci DEFAULT NULL,
  `saddress` varchar(255) COLLATE utf8mb4_unicode_ci DEFAULT NULL,
  `szip` varchar(16) COLLATE utf8mb4_unicode_ci DEFAULT NULL,
  `sdescription` varchar(1024) COLLATE utf8mb4_unicode_ci DEFAULT NULL,
  `spersonid` varchar(32) COLLATE utf8mb4_unicode_ci DEFAULT NULL,
  `snodekind` varchar(32) COLLATE utf8mb4_unicode_ci DEFAULT NULL,
  `sshowname` varchar(100) COLLATE utf8mb4_unicode_ci DEFAULT NULL,
  `ssequence` int(11) DEFAULT NULL,
  `version` int(11) NOT NULL,
  PRIMARY KEY (`sid`) USING BTREE,
  KEY `ix_sa_oporg_sorgkindid` (`sorgkindid`) USING BTREE,
  KEY `ix_sa_oporg_sparent` (`sparent`) USING BTREE,
  KEY `ix_sa_oporg_spersonid` (`spersonid`) USING BTREE
) ENGINE=InnoDB DEFAULT CHARSET=utf8mb4 COLLATE=utf8mb4_unicode_ci ROW_FORMAT=DYNAMIC;
/*!40101 SET character_set_client = @saved_cs_client */;

--
-- Dumping data for table `sa_oporg`
--

LOCK TABLES `sa_oporg` WRITE;
/*!40000 ALTER TABLE `sa_oporg` DISABLE KEYS */;
INSERT INTO `sa_oporg` VALUES ('3C0D1C2F08132B7EC6A3908BD662928E','测试机构','testogn',NULL,'/测试机构','/testogn','/3C0D1C2F08132B7EC6A3908BD662928E.ogn','ogn',1,NULL,0,'','','',NULL,'',NULL,NULL,NULL,1,0),('7BA4523D57DB87BE42614FA76B34B122@97DA9DF40D94E4EDD350A1A0DC4C0917','测试人员1','test1',NULL,'/测试机构/测试部门1/测试岗位1/测试人员1','/testogn/testdpt/testpos/test1','/3C0D1C2F08132B7EC6A3908BD662928E.ogn/CD92B921EE135105A1D4856539B2D58A.dpt/97DA9DF40D94E4EDD350A1A0DC4C0917.pos/7BA4523D57DB87BE42614FA76B34B122@3C0D1C2F08132B7EC6A3908BD662928E.psm','psm',1,'97DA9DF40D94E4EDD350A1A0DC4C0917',3,NULL,NULL,NULL,NULL,NULL,'7BA4523D57DB87BE42614FA76B34B122',NULL,NULL,1,0),('97DA9DF40D94E4EDD350A1A0DC4C0917','测试岗位1','testpos',NULL,'/测试机构/测试部门1/测试岗位1','/testogn/testdpt/testpos','/3C0D1C2F08132B7EC6A3908BD662928E.ogn/CD92B921EE135105A1D4856539B2D58A.dpt/97DA9DF40D94E4EDD350A1A0DC4C0917.pos','pos',1,'CD92B921EE135105A1D4856539B2D58A',2,'','','',NULL,'',NULL,NULL,NULL,1,0),('B8AE1E355B0F86B3CC80D35DC31C25C9','测试岗位2','testpos2',NULL,'/测试机构/测试部门2/测试岗位2','/testogn/testdpt2/testpos2','/3C0D1C2F08132B7EC6A3908BD662928E.ogn/E21FD204D22403C8F010B849D6450D6A.dpt/B8AE1E355B0F86B3CC80D35DC31C25C9.pos','pos',1,'E21FD204D22403C8F010B849D6450D6A',2,'','','',NULL,'',NULL,NULL,NULL,1,0),('BB75847554AB9BEE10BE6770D8C24DE8@97DA9DF40D94E4EDD350A1A0DC4C0917','测试人员2','test2',NULL,'/测试机构/测试部门1/测试岗位1/测试人员2','/testogn/testdpt/testpos/test2','/3C0D1C2F08132B7EC6A3908BD662928E.ogn/CD92B921EE135105A1D4856539B2D58A.dpt/97DA9DF40D94E4EDD350A1A0DC4C0917.pos/BB75847554AB9BEE10BE6770D8C24DE8@97DA9DF40D94E4EDD350A1A0DC4C0917.psm','psm',1,'97DA9DF40D94E4EDD350A1A0DC4C0917',0,NULL,NULL,NULL,NULL,NULL,'BB75847554AB9BEE10BE6770D8C24DE8',NULL,NULL,1,0),('CD92B921EE135105A1D4856539B2D58A','测试部门1','testdpt',NULL,'/测试机构/测试部门1','/testogn/testdpt','/3C0D1C2F08132B7EC6A3908BD662928E.ogn/CD92B921EE135105A1D4856539B2D58A.dpt','dpt',1,'3C0D1C2F08132B7EC6A3908BD662928E',1,'','','',NULL,'',NULL,NULL,NULL,1,0),('D8B1FF9943C8C87CB1C8C8B9F94D0B16@B8AE1E355B0F86B3CC80D35DC31C25C9','测试人员3','test3',NULL,'/测试机构/测试部门2/测试岗位2/测试人员3','/testogn/testdpt2/testpos2/test3','/3C0D1C2F08132B7EC6A3908BD662928E.ogn/E21FD204D22403C8F010B849D6450D6A.dpt/B8AE1E355B0F86B3CC80D35DC31C25C9.pos/D8B1FF9943C8C87CB1C8C8B9F94D0B16@B8AE1E355B0F86B3CC80D35DC31C25C9.psm','psm',1,'B8AE1E355B0F86B3CC80D35DC31C25C9',0,NULL,NULL,NULL,NULL,NULL,'D8B1FF9943C8C87CB1C8C8B9F94D0B16',NULL,NULL,1,0),('E21FD204D22403C8F010B849D6450D6A','测试部门2','testdpt2',NULL,'/测试机构/测试部门2','/testogn/testdpt2','/3C0D1C2F08132B7EC6A3908BD662928E.ogn/E21FD204D22403C8F010B849D6450D6A.dpt','dpt',1,'3C0D1C2F08132B7EC6A3908BD662928E',1,'','','',NULL,'',NULL,NULL,NULL,1,0),('ORG01','管理员','TULIN',NULL,'/管理员','/TULIN','/ORG01','ogn',1,NULL,0,NULL,NULL,NULL,NULL,NULL,NULL,NULL,NULL,0,0),('PSN01@ORG01','system','SYSTEM',NULL,'/管理员/system','/TULIN/SYSTEM','/ORG01.ogn/PSN01@ORG01.psm','psm',1,'ORG01',1,NULL,NULL,NULL,NULL,NULL,'PSN01',NULL,NULL,0,0);
/*!40000 ALTER TABLE `sa_oporg` ENABLE KEYS */;
UNLOCK TABLES;

--
-- Table structure for table `sa_oppermission`
--

DROP TABLE IF EXISTS `sa_oppermission`;
/*!40101 SET @saved_cs_client     = @@character_set_client */;
/*!40101 SET character_set_client = utf8 */;
CREATE TABLE `sa_oppermission` (
  `sid` varchar(32) COLLATE utf8mb4_unicode_ci NOT NULL,
  `spermissionroleid` varchar(32) COLLATE utf8mb4_unicode_ci NOT NULL,
  `sprocess` varchar(1024) COLLATE utf8mb4_unicode_ci DEFAULT NULL,
  `sactivityfname` varchar(1024) COLLATE utf8mb4_unicode_ci DEFAULT NULL,
  `sactivity` varchar(2048) COLLATE utf8mb4_unicode_ci DEFAULT NULL,
  `sactionsnames` text COLLATE utf8mb4_unicode_ci,
  `sactions` text COLLATE utf8mb4_unicode_ci,
  `spermissionkind` int(11) NOT NULL,
  `sdescription` varchar(2048) COLLATE utf8mb4_unicode_ci DEFAULT NULL,
  `ssequence` int(11) DEFAULT NULL,
  `svalidstate` int(11) DEFAULT NULL,
  `version` int(11) NOT NULL,
  PRIMARY KEY (`sid`) USING BTREE,
  KEY `ix_sa_oppermission_spermissionroleid` (`spermissionroleid`) USING BTREE
) ENGINE=InnoDB DEFAULT CHARSET=utf8mb4 COLLATE=utf8mb4_unicode_ci ROW_FORMAT=DYNAMIC;
/*!40101 SET character_set_client = @saved_cs_client */;

--
-- Dumping data for table `sa_oppermission`
--

LOCK TABLES `sa_oppermission` WRITE;
/*!40000 ALTER TABLE `sa_oppermission` DISABLE KEYS */;
INSERT INTO `sa_oppermission` VALUES ('072EAF7E05FF5F2CBFFFC2DD12109030','62C986B66A97D0F6F251698A0553FC42','/oa/leave/Process','/OA系统/人事管理/返回申请人','bizActivity8',NULL,NULL,0,'/oa/leave/bizActivity8',4,1,0),('0CF6C83DE6FD16BEBF75D2A8FD056881','RL01','/SA/log/logProcess','/系统管理/系统工具/操作日志','mainActivity',NULL,NULL,0,'/system/logs',9,1,0),('17C6F4FE19E6A556F61A066164ACD546','RL01','/oa/leave/Process','/OA系统/人事管理/部门审批','bizActivity4',NULL,NULL,0,'/oa/leave/bizActivity4',2,1,0),('1CE9B0FF633B989E55BC6E793A851E32','RL02-doc','/SA/doc/docCenter/docCenterProcess','/系统管理/文档管理/文档中心','docCenter',NULL,NULL,0,'/system/doc/docCenter',1,1,0),('1DC3831C34AC8ED61524C41E177B67C4','RL01','/SA/OPM/authorization/authorizationProcess','/系统管理/组织机构/授权管理','mainActivity',NULL,NULL,0,'/system/OPM/authorization',3,1,0),('29C03CAC0C63C98D5F32593292BBB5C2','62C986B66A97D0F6F251698A0553FC42','/oa/leave/Process','/OA系统/人事管理/领导审批','bizActivity6',NULL,NULL,0,'/oa/leave/bizActivity6',3,1,0),('325BFA75C55FD1DB49075F44C4B72628','RL01','/SA/task/taskCenter/process','/系统管理/流程管理/流程监控','monitorActivity',NULL,NULL,0,'/system/flow/monitor',5,1,0),('57EF14E4A669882A9843271C4EBA7E58','RL01','/SA/doc/docCenter/docCenterProcess','/系统管理/文档管理/文档中心','docCenter',NULL,NULL,0,'/system/doc/docCenter',7,1,0),('5C5DA17E97DFF3148C2CAAD054684473','RL01','/flw/dwr/process','/系统管理/流程管理/流程设计','vml-dwr-editor',NULL,NULL,0,'/system/flow/flow_design',6,1,0),('61DE4409DE340D7387D0C2FBF7595F46','62C986B66A97D0F6F251698A0553FC42','/oa/leave/Process','/OA系统/人事管理/部门审批','bizActivity4',NULL,NULL,0,'/oa/leave/bizActivity4',2,1,0),('630E9DFA815B532F5C2D50253EB19DF2','RL02','/flw/dwr/process','/系统管理/流程管理/流程设计','vml-dwr-editor',NULL,NULL,0,'/system/flow/flow_design',2,1,0),('7A62182221B15DCE20F289F315680340','RL01','/SA/OPM/role/roleProcess','/系统管理/组织机构/角色管理','mainActivity',NULL,NULL,0,'/system/OPM/role',2,1,0),('8037E66DAD0A90DC4256EC9848E536AF','RL01','/SA/online/onlineProcess','/系统管理/系统工具/在线用户','mainActivity',NULL,NULL,0,'/system/online',10,1,0),('8091869B1201127C4B54F200AC7E878F','RL01','/SA/doc/docSearch/docSearchProcess','/系统管理/文档管理/文档检索','mainActivity',NULL,NULL,0,'/system/doc/docSearch',8,1,0),('8225AA1231F37D5A98EC3A476F031AA0','62C986B66A97D0F6F251698A0553FC42','/oa/leave/Process','/OA系统/人事管理/请假申请','mainActivity',NULL,NULL,0,'/oa/leave/mainActivity',1,1,0),('A7FA204F027AF509F2762F4990F6F1CC','RL02-doc','/SA/doc/docSearch/docSearchProcess','/系统管理/文档管理/文档检索','mainActivity',NULL,NULL,0,'/system/doc/docSearch',2,1,0),('B1E719EBCCF8CEF030C083CFA7DF0966','RL01','/SA/OPM/organization/organizationProcess','/系统管理/组织机构/机构管理','mainActivity',NULL,NULL,0,'/system/OPM/organization',1,1,0),('BCB09BC3E99CD319DBF8009A9CBAB1AC','RL01','/oa/leave/Process','/OA系统/人事管理/请假申请','mainActivity',NULL,NULL,0,'/oa/leave/mainActivity',1,1,0),('CFA94636F5844609400AB0322D9C27DA','RL01','/oa/leave/Process','/OA系统/人事管理/返回申请人','bizActivity8',NULL,NULL,0,'/oa/leave/bizActivity8',4,1,0),('E572B9CCC095B962A41AE8D8B7878D54','RL02','/SA/task/taskCenter/process','/系统管理/流程管理/流程监控','monitorActivity',NULL,NULL,0,'/system/flow/monitor',1,1,0),('F3613C14223CFDE0396DC82D8D8F10CB','RL01','/oa/leave/Process','/OA系统/人事管理/领导审批','bizActivity6',NULL,NULL,0,'/oa/leave/bizActivity6',3,1,0),('F669B3828A5E307943559F69E938DD51','RL01','/SA/OPM/recycled/recycledProcess','/系统管理/组织机构/回收站','mainActivity',NULL,NULL,0,'/system/OPM/recycled',4,1,0);
/*!40000 ALTER TABLE `sa_oppermission` ENABLE KEYS */;
UNLOCK TABLES;

--
-- Table structure for table `sa_opperson`
--

DROP TABLE IF EXISTS `sa_opperson`;
/*!40101 SET @saved_cs_client     = @@character_set_client */;
/*!40101 SET character_set_client = utf8 */;
CREATE TABLE `sa_opperson` (
  `sid` varchar(32) COLLATE utf8mb4_unicode_ci NOT NULL,
  `sname` varchar(64) COLLATE utf8mb4_unicode_ci DEFAULT NULL,
  `scode` varchar(64) COLLATE utf8mb4_unicode_ci DEFAULT NULL,
  `sloginname` varchar(64) COLLATE utf8mb4_unicode_ci DEFAULT NULL,
  `spassword` varchar(64) COLLATE utf8mb4_unicode_ci DEFAULT NULL,
  `ssequence` int(11) DEFAULT NULL,
  `svalidstate` int(11) DEFAULT NULL,
  `smainorgid` varchar(64) COLLATE utf8mb4_unicode_ci NOT NULL,
  `sdescription` varchar(2048) COLLATE utf8mb4_unicode_ci DEFAULT NULL,
  `ssex` varchar(10) COLLATE utf8mb4_unicode_ci DEFAULT NULL,
  `sbirthday` varchar(20) COLLATE utf8mb4_unicode_ci DEFAULT NULL,
  `smobilephone` varchar(20) COLLATE utf8mb4_unicode_ci DEFAULT NULL,
  `smail` varchar(50) COLLATE utf8mb4_unicode_ci DEFAULT NULL,
  `scasn` varchar(100) COLLATE utf8mb4_unicode_ci DEFAULT NULL,
  `ssignm` varchar(100) COLLATE utf8mb4_unicode_ci DEFAULT NULL,
  `version` int(11) NOT NULL,
  PRIMARY KEY (`sid`) USING BTREE,
  UNIQUE KEY `scode` (`scode`) USING BTREE
) ENGINE=InnoDB DEFAULT CHARSET=utf8mb4 COLLATE=utf8mb4_unicode_ci ROW_FORMAT=DYNAMIC;
/*!40101 SET character_set_client = @saved_cs_client */;

--
-- Dumping data for table `sa_opperson`
--

LOCK TABLES `sa_opperson` WRITE;
/*!40000 ALTER TABLE `sa_opperson` DISABLE KEYS */;
INSERT INTO `sa_opperson` VALUES ('7BA4523D57DB87BE42614FA76B34B122','测试人员1','test1','','E10ADC3949BA59ABBE56E057F20F883E',NULL,1,'97DA9DF40D94E4EDD350A1A0DC4C0917','','','','',NULL,'','',0),('BB75847554AB9BEE10BE6770D8C24DE8','测试人员2','test2','','E10ADC3949BA59ABBE56E057F20F883E',NULL,1,'97DA9DF40D94E4EDD350A1A0DC4C0917','','','','',NULL,'','',0),('D8B1FF9943C8C87CB1C8C8B9F94D0B16','测试人员3','test3','','E10ADC3949BA59ABBE56E057F20F883E',NULL,1,'B8AE1E355B0F86B3CC80D35DC31C25C9','','','','',NULL,'','',0),('PSN01','system','SYSTEM',NULL,'C4CA4238A0B923820DCC509A6F75849B',0,1,'ORG01',NULL,NULL,NULL,NULL,NULL,NULL,NULL,0);
/*!40000 ALTER TABLE `sa_opperson` ENABLE KEYS */;
UNLOCK TABLES;

--
-- Table structure for table `sa_oprole`
--

DROP TABLE IF EXISTS `sa_oprole`;
/*!40101 SET @saved_cs_client     = @@character_set_client */;
/*!40101 SET character_set_client = utf8 */;
CREATE TABLE `sa_oprole` (
  `sid` varchar(32) COLLATE utf8mb4_unicode_ci NOT NULL,
  `sname` varchar(128) COLLATE utf8mb4_unicode_ci DEFAULT NULL,
  `scode` varchar(64) COLLATE utf8mb4_unicode_ci DEFAULT NULL,
  `srolekind` varchar(64) COLLATE utf8mb4_unicode_ci DEFAULT NULL,
  `sdescription` varchar(2048) COLLATE utf8mb4_unicode_ci DEFAULT NULL,
  `ssequence` int(11) DEFAULT NULL,
  `svalidstate` int(11) DEFAULT NULL,
  `version` int(11) NOT NULL,
  PRIMARY KEY (`sid`) USING BTREE
) ENGINE=InnoDB DEFAULT CHARSET=utf8mb4 COLLATE=utf8mb4_unicode_ci ROW_FORMAT=DYNAMIC;
/*!40101 SET character_set_client = @saved_cs_client */;

--
-- Dumping data for table `sa_oprole`
--

LOCK TABLES `sa_oprole` WRITE;
/*!40000 ALTER TABLE `sa_oprole` DISABLE KEYS */;
INSERT INTO `sa_oprole` VALUES ('62C986B66A97D0F6F251698A0553FC42','测试角色','testrole','业务功能','',NULL,1,0),('RL01','超级管理员','opm','业务功能','请勿删除',9999,1,0),('RL02','任务','task','系统管理',NULL,9997,1,0),('RL02-doc','文档','doc','系统管理',NULL,9996,1,0);
/*!40000 ALTER TABLE `sa_oprole` ENABLE KEYS */;
UNLOCK TABLES;

--
-- Table structure for table `sa_task`
--

DROP TABLE IF EXISTS `sa_task`;
/*!40101 SET @saved_cs_client     = @@character_set_client */;
/*!40101 SET character_set_client = utf8 */;
CREATE TABLE `sa_task` (
  `sid` varchar(32) COLLATE utf8mb4_unicode_ci NOT NULL,
  `sparentid` varchar(32) COLLATE utf8mb4_unicode_ci DEFAULT NULL,
  `sname` varchar(255) COLLATE utf8mb4_unicode_ci DEFAULT NULL,
  `sflowid` varchar(32) COLLATE utf8mb4_unicode_ci DEFAULT NULL,
  `sprocess` varchar(255) COLLATE utf8mb4_unicode_ci DEFAULT NULL,
  `sactivity` varchar(255) COLLATE utf8mb4_unicode_ci DEFAULT NULL,
  `sstatusid` varchar(36) COLLATE utf8mb4_unicode_ci DEFAULT NULL,
  `sstatusname` varchar(100) COLLATE utf8mb4_unicode_ci DEFAULT NULL,
  `screatetime` datetime DEFAULT NULL,
  `slimittime` datetime DEFAULT NULL,
  `scpersonid` varchar(36) COLLATE utf8mb4_unicode_ci DEFAULT NULL,
  `scpersonname` varchar(100) COLLATE utf8mb4_unicode_ci DEFAULT NULL,
  `scdeptid` varchar(32) COLLATE utf8mb4_unicode_ci DEFAULT NULL,
  `scdeptname` varchar(255) COLLATE utf8mb4_unicode_ci DEFAULT NULL,
  `scognid` varchar(32) COLLATE utf8mb4_unicode_ci DEFAULT NULL,
  `scognname` varchar(255) COLLATE utf8mb4_unicode_ci DEFAULT NULL,
  `scfid` varchar(1024) COLLATE utf8mb4_unicode_ci DEFAULT NULL,
  `scfname` varchar(1024) COLLATE utf8mb4_unicode_ci DEFAULT NULL,
  `sexecutetime` datetime DEFAULT NULL,
  `sepersonid` varchar(36) COLLATE utf8mb4_unicode_ci DEFAULT NULL,
  `sepersonname` varchar(100) COLLATE utf8mb4_unicode_ci DEFAULT NULL,
  `sedeptid` varchar(32) COLLATE utf8mb4_unicode_ci DEFAULT NULL,
  `sedeptname` varchar(255) COLLATE utf8mb4_unicode_ci DEFAULT NULL,
  `seognid` varchar(32) COLLATE utf8mb4_unicode_ci DEFAULT NULL,
  `seognname` varchar(255) COLLATE utf8mb4_unicode_ci DEFAULT NULL,
  `sefid` varchar(1024) COLLATE utf8mb4_unicode_ci DEFAULT NULL,
  `sefname` varchar(1024) COLLATE utf8mb4_unicode_ci DEFAULT NULL,
  `slock` varchar(36) COLLATE utf8mb4_unicode_ci DEFAULT NULL,
  `scurl` varchar(1024) COLLATE utf8mb4_unicode_ci DEFAULT NULL,
  `seurl` varchar(1024) COLLATE utf8mb4_unicode_ci DEFAULT NULL,
  `sdata1` varchar(32) COLLATE utf8mb4_unicode_ci DEFAULT NULL,
  `skindid` varchar(32) COLLATE utf8mb4_unicode_ci DEFAULT NULL,
  `scontent` text COLLATE utf8mb4_unicode_ci,
  `version` int(11) NOT NULL,
  PRIMARY KEY (`sid`),
  KEY `ix_sa_task_sactivity` (`sactivity`),
  KEY `ix_sa_task_scpersonid` (`scpersonid`),
  KEY `ix_sa_task_sdata1` (`sdata1`),
  KEY `ix_sa_task_sepersonid` (`sepersonid`),
  KEY `ix_sa_task_sflowid` (`sflowid`),
  KEY `ix_sa_task_sparentid` (`sparentid`)
) ENGINE=InnoDB DEFAULT CHARSET=utf8mb4 COLLATE=utf8mb4_unicode_ci;
/*!40101 SET character_set_client = @saved_cs_client */;

--
-- Dumping data for table `sa_task`
--

LOCK TABLES `sa_task` WRITE;
/*!40000 ALTER TABLE `sa_task` DISABLE KEYS */;
INSERT INTO `sa_task` VALUES ('07B039490F8D6203B7D6C3D4BD6717D2','3EA26484F5E662037B1A193308415611','请假申请:请假流程','3EA26484F5E662037B1A193308415611','/oa/leave/Process','bizActivity2','tesFinished','已完成','2022-06-06 18:19:35',NULL,'PSN01','system','','','ORG01','管理员','/ORG01.ogn/PSN01@ORG01.psm','/管理员/system','2022-06-06 18:19:40','PSN01','system','','','ORG01','管理员','/ORG01.ogn/PSN01@ORG01.psm','/管理员/system',NULL,'','/oa/leave/mainActivity','C9DA139CAC800001EDC2AD8010301A30','task',NULL,1),('0DF208464B9B0CE809F88AFC1C6ABF6A',NULL,'请假流程','0DF208464B9B0CE809F88AFC1C6ABF6A','/oa/leave/Process',NULL,'tesExecuting','正在处理','2022-06-06 18:34:23',NULL,'7BA4523D57DB87BE42614FA76B34B122','测试人员1','CD92B921EE135105A1D4856539B2D58A','测试部门1','3C0D1C2F08132B7EC6A3908BD662928E','测试机构','/3C0D1C2F08132B7EC6A3908BD662928E.ogn/CD92B921EE135105A1D4856539B2D58A.dpt/97DA9DF40D94E4EDD350A1A0DC4C0917.pos/7BA4523D57DB87BE42614FA76B34B122@3C0D1C2F08132B7EC6A3908BD662928E.psm','/测试机构/测试部门1/测试岗位1/测试人员1',NULL,'7BA4523D57DB87BE42614FA76B34B122','测试人员1','CD92B921EE135105A1D4856539B2D58A','测试部门1','3C0D1C2F08132B7EC6A3908BD662928E','测试机构','/3C0D1C2F08132B7EC6A3908BD662928E.ogn/CD92B921EE135105A1D4856539B2D58A.dpt/97DA9DF40D94E4EDD350A1A0DC4C0917.pos/7BA4523D57DB87BE42614FA76B34B122@3C0D1C2F08132B7EC6A3908BD662928E.psm','/测试机构/测试部门1/测试岗位1/测试人员1',NULL,NULL,NULL,'C9DA147589800001D43E109014601501','task',NULL,0),('0EFCE24A356C75D304895A231C557B4D','0DF208464B9B0CE809F88AFC1C6ABF6A','请假申请:请假流程','0DF208464B9B0CE809F88AFC1C6ABF6A','/oa/leave/Process','bizActivity2','tesReady','尚未处理','2022-06-06 18:34:23',NULL,'7BA4523D57DB87BE42614FA76B34B122','测试人员1','CD92B921EE135105A1D4856539B2D58A','测试部门1','3C0D1C2F08132B7EC6A3908BD662928E','测试机构','/3C0D1C2F08132B7EC6A3908BD662928E.ogn/CD92B921EE135105A1D4856539B2D58A.dpt/97DA9DF40D94E4EDD350A1A0DC4C0917.pos/7BA4523D57DB87BE42614FA76B34B122@3C0D1C2F08132B7EC6A3908BD662928E.psm','/测试机构/测试部门1/测试岗位1/测试人员1',NULL,'7BA4523D57DB87BE42614FA76B34B122','测试人员1','CD92B921EE135105A1D4856539B2D58A','测试部门1','3C0D1C2F08132B7EC6A3908BD662928E','测试机构','/3C0D1C2F08132B7EC6A3908BD662928E.ogn/CD92B921EE135105A1D4856539B2D58A.dpt/97DA9DF40D94E4EDD350A1A0DC4C0917.pos/7BA4523D57DB87BE42614FA76B34B122@3C0D1C2F08132B7EC6A3908BD662928E.psm','/测试机构/测试部门1/测试岗位1/测试人员1','7BA4523D57DB87BE42614FA76B34B122','','/oa/leave/mainActivity','C9DA147589800001D43E109014601501','task',NULL,1),('28771185FEEB6DC3EEB11594DCB3676D','8A13B81B2567FC2FCA689F6E71DC371D','部门审批:请假流程','6E5B1A5B244D3FA542B24481190079F7','/oa/leave/Process','bizActivity4','tesReady','尚未处理','2022-06-06 18:51:41',NULL,'7BA4523D57DB87BE42614FA76B34B122','测试人员1','CD92B921EE135105A1D4856539B2D58A','测试部门1','3C0D1C2F08132B7EC6A3908BD662928E','测试机构','/3C0D1C2F08132B7EC6A3908BD662928E.ogn/CD92B921EE135105A1D4856539B2D58A.dpt/97DA9DF40D94E4EDD350A1A0DC4C0917.pos/7BA4523D57DB87BE42614FA76B34B122@3C0D1C2F08132B7EC6A3908BD662928E.psm','/测试机构/测试部门1/测试岗位1/测试人员1',NULL,'D8B1FF9943C8C87CB1C8C8B9F94D0B16','测试人员3','E21FD204D22403C8F010B849D6450D6A','测试部门2','3C0D1C2F08132B7EC6A3908BD662928E','测试机构','/3C0D1C2F08132B7EC6A3908BD662928E.ogn/E21FD204D22403C8F010B849D6450D6A.dpt/B8AE1E355B0F86B3CC80D35DC31C25C9.pos/D8B1FF9943C8C87CB1C8C8B9F94D0B16@B8AE1E355B0F86B3CC80D35DC31C25C9.psm','/测试机构/测试部门2/测试岗位2/测试人员3',NULL,'/oa/leave/mainActivity','/oa/leave/bizActivity4','C9DA1478640000012F492E0A1F201696','task',NULL,2),('3EA26484F5E662037B1A193308415611',NULL,'请假流程','3EA26484F5E662037B1A193308415611','/oa/leave/Process',NULL,'tesExecuting','正在处理','2022-06-06 18:19:35',NULL,'PSN01','system','','','ORG01','管理员','/ORG01.ogn/PSN01@ORG01.psm','/管理员/system','2022-06-09 16:27:11','PSN01','system','','','ORG01','管理员','/ORG01.ogn/PSN01@ORG01.psm','/管理员/system',NULL,NULL,NULL,'C9DA139CAC800001EDC2AD8010301A30','task',NULL,8),('6E5B1A5B244D3FA542B24481190079F7',NULL,'请假流程','6E5B1A5B244D3FA542B24481190079F7','/oa/leave/Process',NULL,'tesExecuting','正在处理','2022-06-06 18:34:35',NULL,'7BA4523D57DB87BE42614FA76B34B122','测试人员1','CD92B921EE135105A1D4856539B2D58A','测试部门1','3C0D1C2F08132B7EC6A3908BD662928E','测试机构','/3C0D1C2F08132B7EC6A3908BD662928E.ogn/CD92B921EE135105A1D4856539B2D58A.dpt/97DA9DF40D94E4EDD350A1A0DC4C0917.pos/7BA4523D57DB87BE42614FA76B34B122@3C0D1C2F08132B7EC6A3908BD662928E.psm','/测试机构/测试部门1/测试岗位1/测试人员1','2022-06-09 15:23:49','7BA4523D57DB87BE42614FA76B34B122','测试人员1','CD92B921EE135105A1D4856539B2D58A','测试部门1','3C0D1C2F08132B7EC6A3908BD662928E','测试机构','/3C0D1C2F08132B7EC6A3908BD662928E.ogn/CD92B921EE135105A1D4856539B2D58A.dpt/97DA9DF40D94E4EDD350A1A0DC4C0917.pos/7BA4523D57DB87BE42614FA76B34B122@3C0D1C2F08132B7EC6A3908BD662928E.psm','/测试机构/测试部门1/测试岗位1/测试人员1',NULL,NULL,NULL,'C9DA1478640000012F492E0A1F201696','task',NULL,2),('6FD1E81D86E2DA24242F5CAFB3AD24AA','D69B14BE69AB0F60A4288A9B63C81DE1','请假申请:请假流程','D69B14BE69AB0F60A4288A9B63C81DE1','/oa/leave/Process','bizActivity2','tesPause','已暂停','2022-06-09 10:18:55',NULL,'PSN01','system','','','ORG01','管理员','/ORG01.ogn/PSN01@ORG01.psm','/管理员/system','2022-06-09 13:48:32','PSN01','system','','','ORG01','管理员','/ORG01.ogn/PSN01@ORG01.psm','/管理员/system','PSN01','','/oa/leave/mainActivity','0F243D91B06446DF93ED0041A068A0B3','task',NULL,1),('756281414288444A2555B2DAC6D57D63','07B039490F8D6203B7D6C3D4BD6717D2','部门审批:请假流程','3EA26484F5E662037B1A193308415611','/oa/leave/Process','bizActivity4','tesFinished','已完成','2022-06-06 18:19:40',NULL,'PSN01','system','','','ORG01','管理员','/ORG01.ogn/PSN01@ORG01.psm','/管理员/system','2022-06-09 16:38:56','PSN01','system','','','ORG01','管理员','/ORG01.ogn/PSN01@ORG01.psm','/管理员/system','PSN01','/oa/leave/mainActivity','/oa/leave/bizActivity4','C9DA139CAC800001EDC2AD8010301A30','task',NULL,11),('76D4B52BB0CA98FA1918D494ADA63F24',NULL,'请假流程','76D4B52BB0CA98FA1918D494ADA63F24','/oa/leave/Process',NULL,'tesAborted','已终止','2022-06-06 18:19:21',NULL,'PSN01','system','','','ORG01','管理员','/ORG01.ogn/PSN01@ORG01.psm','/管理员/system','2022-06-09 14:08:14','PSN01','system','','','ORG01','管理员','/ORG01.ogn/PSN01@ORG01.psm','/管理员/system',NULL,NULL,NULL,'C9DA139941800001D2DF1100C7D619B4','task',NULL,3),('8A13B81B2567FC2FCA689F6E71DC371D','6E5B1A5B244D3FA542B24481190079F7','请假申请:请假流程','6E5B1A5B244D3FA542B24481190079F7','/oa/leave/Process','bizActivity2','tesFinished','已完成','2022-06-06 18:34:35',NULL,'7BA4523D57DB87BE42614FA76B34B122','测试人员1','CD92B921EE135105A1D4856539B2D58A','测试部门1','3C0D1C2F08132B7EC6A3908BD662928E','测试机构','/3C0D1C2F08132B7EC6A3908BD662928E.ogn/CD92B921EE135105A1D4856539B2D58A.dpt/97DA9DF40D94E4EDD350A1A0DC4C0917.pos/7BA4523D57DB87BE42614FA76B34B122@3C0D1C2F08132B7EC6A3908BD662928E.psm','/测试机构/测试部门1/测试岗位1/测试人员1','2022-06-06 18:51:41','7BA4523D57DB87BE42614FA76B34B122','测试人员1','CD92B921EE135105A1D4856539B2D58A','测试部门1','3C0D1C2F08132B7EC6A3908BD662928E','测试机构','/3C0D1C2F08132B7EC6A3908BD662928E.ogn/CD92B921EE135105A1D4856539B2D58A.dpt/97DA9DF40D94E4EDD350A1A0DC4C0917.pos/7BA4523D57DB87BE42614FA76B34B122@3C0D1C2F08132B7EC6A3908BD662928E.psm','/测试机构/测试部门1/测试岗位1/测试人员1','7BA4523D57DB87BE42614FA76B34B122','','/oa/leave/mainActivity','C9DA1478640000012F492E0A1F201696','task',NULL,1),('9ACE9E05A6D3AF9C5ABC5433CB4FB51B','756281414288444A2555B2DAC6D57D63','领导审批:请假流程','3EA26484F5E662037B1A193308415611','/oa/leave/Process','bizActivity6','tesReady','尚未处理','2022-06-09 16:38:56',NULL,'PSN01','system','','','ORG01','管理员','/ORG01.ogn/PSN01@ORG01.psm','/管理员/system',NULL,'7BA4523D57DB87BE42614FA76B34B122','测试人员1','CD92B921EE135105A1D4856539B2D58A','测试部门1','3C0D1C2F08132B7EC6A3908BD662928E','测试机构','/3C0D1C2F08132B7EC6A3908BD662928E.ogn/CD92B921EE135105A1D4856539B2D58A.dpt/97DA9DF40D94E4EDD350A1A0DC4C0917.pos/7BA4523D57DB87BE42614FA76B34B122@3C0D1C2F08132B7EC6A3908BD662928E.psm','/测试机构/测试部门1/测试岗位1/测试人员1','PSN01','/oa/leave/bizActivity4','/oa/leave/bizActivity6',NULL,'task',NULL,0),('9E1369FAD4E9D3FA8F453D61DE49E8F9','C9B05E5EBEDE6118A48AC326B25DB9D7','部门审批:请假流程','A38E985D92586D3E9A61FA8399EDEA5C','/oa/leave/Process','bizActivity4','tesReady','尚未处理','2022-06-09 18:15:09',NULL,'PSN01','system','','','ORG01','管理员','/ORG01.ogn/PSN01@ORG01.psm','/管理员/system',NULL,'PSN01','system','','','ORG01','管理员','/ORG01.ogn/PSN01@ORG01.psm','/管理员/system','PSN01','/oa/leave/mainActivity','/oa/leave/bizActivity4','40DA9136A31EF77121AE326205FE6B00','task',NULL,0),('A38E985D92586D3E9A61FA8399EDEA5C',NULL,'请假流程','A38E985D92586D3E9A61FA8399EDEA5C','/oa/leave/Process',NULL,'tesExecuting','正在处理','2022-06-09 18:15:04',NULL,'PSN01','system','','','ORG01','管理员','/ORG01.ogn/PSN01@ORG01.psm','/管理员/system',NULL,'PSN01','system','','','ORG01','管理员','/ORG01.ogn/PSN01@ORG01.psm','/管理员/system',NULL,NULL,NULL,'40DA9136A31EF77121AE326205FE6B00','task',NULL,0),('A7B3525540D1A84CAFAE9E267207FA26','76D4B52BB0CA98FA1918D494ADA63F24','请假申请:请假流程','76D4B52BB0CA98FA1918D494ADA63F24','/oa/leave/Process','bizActivity2','tesAborted','已终止','2022-06-06 18:19:21',NULL,'PSN01','system','','','ORG01','管理员','/ORG01.ogn/PSN01@ORG01.psm','/管理员/system','2022-06-09 14:08:14','PSN01','system','','','ORG01','管理员','/ORG01.ogn/PSN01@ORG01.psm','/管理员/system','PSN01','','/oa/leave/mainActivity','C9DA139941800001D2DF1100C7D619B4','task',NULL,3),('C9B05E5EBEDE6118A48AC326B25DB9D7','A38E985D92586D3E9A61FA8399EDEA5C','请假申请:请假流程','A38E985D92586D3E9A61FA8399EDEA5C','/oa/leave/Process','mainActivity','tesFinished','已完成','2022-06-09 18:15:04',NULL,'PSN01','system','','','ORG01','管理员','/ORG01.ogn/PSN01@ORG01.psm','/管理员/system','2022-06-09 18:15:09','PSN01','system','','','ORG01','管理员','/ORG01.ogn/PSN01@ORG01.psm','/管理员/system',NULL,'','/oa/leave/mainActivity','40DA9136A31EF77121AE326205FE6B00','task',NULL,1),('D69B14BE69AB0F60A4288A9B63C81DE1',NULL,'请假流程','D69B14BE69AB0F60A4288A9B63C81DE1','/oa/leave/Process',NULL,'tesPause','已暂停','2022-06-09 10:18:55',NULL,'PSN01','system','','','ORG01','管理员','/ORG01.ogn/PSN01@ORG01.psm','/管理员/system','2022-06-09 13:48:32','PSN01','system','','','ORG01','管理员','/ORG01.ogn/PSN01@ORG01.psm','/管理员/system',NULL,NULL,NULL,'0F243D91B06446DF93ED0041A068A0B3','task',NULL,1);
/*!40000 ALTER TABLE `sa_task` ENABLE KEYS */;
UNLOCK TABLES;
/*!40103 SET TIME_ZONE=@OLD_TIME_ZONE */;

/*!40101 SET SQL_MODE=@OLD_SQL_MODE */;
/*!40014 SET FOREIGN_KEY_CHECKS=@OLD_FOREIGN_KEY_CHECKS */;
/*!40014 SET UNIQUE_CHECKS=@OLD_UNIQUE_CHECKS */;
/*!40101 SET CHARACTER_SET_CLIENT=@OLD_CHARACTER_SET_CLIENT */;
/*!40101 SET CHARACTER_SET_RESULTS=@OLD_CHARACTER_SET_RESULTS */;
/*!40101 SET COLLATION_CONNECTION=@OLD_COLLATION_CONNECTION */;
/*!40111 SET SQL_NOTES=@OLD_SQL_NOTES */;

-- Dump completed on 2022-06-09 18:16:49
